timestamp,open,high,low,close,volume
2023-09-10 00:00:00+00:00,25914.0,26042.0,25608.0,25860.0,504.55219334
2023-09-11 00:00:00+00:00,25849.0,25904.0,24917.0,25183.0,1240.58902633
2023-09-12 00:00:00+00:00,25177.0,26575.0,25152.0,25851.0,2485.22349761
2023-09-13 00:00:00+00:00,25854.0,26430.0,25797.0,26238.0,874.44007227
2023-09-14 00:00:00+00:00,26238.0,26869.0,26151.0,26544.0,2560.5737632
2023-09-15 00:00:00+00:00,26543.0,26910.0,26255.0,26625.0,901.74818025
2023-09-16 00:00:00+00:00,26625.0,26792.0,26475.0,26576.0,304.60487364
2023-09-17 00:00:00+00:00,26575.0,26634.0,26444.0,26547.0,326.39424956
2023-09-18 00:00:00+00:00,26543.0,27452.0,26444.0,26788.0,2871.77760458
2023-09-19 00:00:00+00:00,26788.0,27508.0,26700.0,27244.0,1599.21203665
2023-09-20 00:00:00+00:00,27245.0,27414.0,26804.0,27144.0,1442.83396045
2023-09-21 00:00:00+00:00,27144.0,27167.0,26412.0,26594.0,1534.05900828
2023-09-22 00:00:00+00:00,26594.0,26749.0,26525.0,26606.0,2035.84541482
2023-09-23 00:00:00+00:00,26607.0,26810.0,26555.0,26609.0,884.87516389
2023-09-24 00:00:00+00:00,26608.0,26768.0,26191.0,26299.0,2033.92506468
2023-09-25 00:00:00+00:00,26293.0,26466.0,26040.0,26330.0,1174.8664438
2023-09-26 00:00:00+00:00,26331.0,26410.0,26129.0,26244.0,903.67726175
2023-09-27 00:00:00+00:00,26250.0,26876.0,26147.0,26391.0,1911.93530573
2023-09-28 00:00:00+00:00,26392.0,27335.0,26368.0,27046.0,1065.98406993
2023-09-29 00:00:00+00:00,27061.0,27264.0,26708.0,26929.0,1055.99836267
2023-09-30 00:00:00+00:00,26928.0,27110.0,26909.0,26980.0,331.8719321
2023-10-01 00:00:00+00:00,26976.0,28105.0,26973.0,28010.0,1832.04013233
2023-10-02 00:00:00+00:00,28023.0,28611.0,27335.0,27532.0,2083.65340804
2023-10-03 00:00:00+00:00,27532.0,27700.0,27176.0,27431.0,767.65676069
2023-10-04 00:00:00+00:00,27431.0,27846.0,27211.0,27813.0,889.62648993
2023-10-05 00:00:00+00:00,27815.0,28134.0,27369.0,27418.0,1444.94218113
2023-10-06 00:00:00+00:00,27418.0,28297.0,27195.0,27942.0,1622.53064858
2023-10-07 00:00:00+00:00,27927.0,28026.0,27840.0,27967.0,447.16680489
2023-10-08 00:00:00+00:00,27964.0,28093.0,27710.0,27929.0,302.25172923
2023-10-09 00:00:00+00:00,27927.0,27989.0,27331.0,27618.0,3071.17198164
2023-10-10 00:00:00+00:00,27624.0,27752.0,27325.0,27414.0,1274.53314975
2023-10-11 00:00:00+00:00,27425.0,27492.0,26562.0,26894.0,1975.79360257
2023-10-12 00:00:00+00:00,26889.0,26964.0,26580.0,26795.0,1443.45996751
2023-10-13 00:00:00+00:00,26794.0,27140.0,26699.0,26875.0,855.09716682
2023-10-14 00:00:00+00:00,26875.0,26995.0,26820.0,26871.0,361.00997061
2023-10-15 00:00:00+00:00,26870.0,27304.0,26832.0,27168.0,468.63403016
2023-10-16 00:00:00+00:00,27169.0,30208.0,27129.0,28524.0,4310.34543001
2023-10-17 00:00:00+00:00,28526.0,28624.0,28099.0,28410.0,826.57419627
2023-10-18 00:00:00+00:00,28409.0,28990.0,28166.0,28332.0,1021.2138392
2023-10-19 00:00:00+00:00,28327.0,28955.0,28147.0,28751.0,1561.01878234
2023-10-20 00:00:00+00:00,28752.0,30260.0,28619.0,29689.0,3153.81854291
2023-10-21 00:00:00+00:00,29688.0,30362.0,29478.0,29922.0,791.34227182
2023-10-22 00:00:00+00:00,29917.0,30243.0,29668.0,30023.0,503.7575943
2023-10-23 00:00:00+00:00,30023.0,33542.0,29923.0,33084.0,6766.89140585
2023-10-24 00:00:00+00:00,33078.0,35199.0,32851.0,33949.0,5302.66078766
2023-10-25 00:00:00+00:00,33953.0,35152.0,33720.0,34504.0,2235.6001375
2023-10-26 00:00:00+00:00,34501.0,34843.0,33768.0,34184.0,1013.38211372
2023-10-27 00:00:00+00:00,34184.0,34269.0,33428.0,33933.0,1120.33326489
2023-10-28 00:00:00+00:00,33933.0,34531.0,33906.0,34104.0,751.53476819
2023-10-29 00:00:00+00:00,34103.0,34783.0,33969.0,34552.0,1491.92988474
2023-10-30 00:00:00+00:00,34552.0,34876.0,34100.0,34490.0,1362.34703988
2023-10-31 00:00:00+00:00,34492.0,34732.0,34111.0,34669.0,1392.77821396
2023-11-01 00:00:00+00:00,34670.0,35622.0,34111.0,35447.0,1986.94253825
2023-11-02 00:00:00+00:00,35447.0,35975.0,34333.0,34944.0,2190.24384791
2023-11-03 00:00:00+00:00,34947.0,34954.0,34154.0,34751.0,1510.08234674
2023-11-04 00:00:00+00:00,34757.0,35296.0,34647.0,35103.0,724.15978932
2023-11-05 00:00:00+00:00,35103.0,35439.0,34479.0,35074.0,610.20541613
2023-11-06 00:00:00+00:00,35062.0,35323.0,34798.0,35053.0,374.79080008
2023-11-07 00:00:00+00:00,35068.0,35930.0,34518.0,35455.0,974.8335101
2023-11-08 00:00:00+00:00,35439.0,36103.0,35106.0,35629.0,705.00808989
2023-11-09 00:00:00+00:00,35629.0,37974.0,35524.0,36699.0,3971.39814956
2023-11-10 00:00:00+00:00,36708.0,37522.0,36350.0,37301.0,950.47511919
2023-11-11 00:00:00+00:00,37301.0,37405.0,36651.0,37141.0,1217.51077344
2023-11-12 00:00:00+00:00,37133.0,37215.0,36751.0,37046.0,451.49744199
2023-11-13 00:00:00+00:00,37045.0,37444.0,36379.0,36503.0,1231.19432068
2023-11-14 00:00:00+00:00,36500.0,36756.0,34779.0,35542.0,2052.6102527
2023-11-15 00:00:00+00:00,35550.0,37950.0,35374.0,37865.0,1994.91690299
2023-11-16 00:00:00+00:00,37856.0,37929.0,35517.0,36161.0,960.28685284
2023-11-17 00:00:00+00:00,36181.0,36846.0,35866.0,36631.0,879.29573618
2023-11-18 00:00:00+00:00,36631.0,36850.0,36221.0,36581.0,338.59084796
2023-11-19 00:00:00+00:00,36586.0,37509.0,36410.0,37369.0,520.79215437
2023-11-20 00:00:00+00:00,37379.0,37745.0,36620.0,37451.0,1652.00298807
2023-11-21 00:00:00+00:00,37451.0,37645.0,35755.0,35755.0,2683.46805928
2023-11-22 00:00:00+00:00,35756.0,37888.0,35660.0,37407.0,2093.791719
2023-11-23 00:00:00+00:00,37408.0,37645.0,36890.0,37280.0,1295.63927021
2023-11-24 00:00:00+00:00,37290.0,38410.0,37248.0,37704.0,3643.84959804
2023-11-25 00:00:00+00:00,37710.0,37893.0,37583.0,37781.0,1128.57646091
2023-11-26 00:00:00+00:00,37781.0,37798.0,37117.0,37443.0,1836.98819659
2023-11-27 00:00:00+00:00,37442.0,37547.0,36732.0,37263.0,1744.62280352
2023-11-28 00:00:00+00:00,37253.0,38349.0,36891.0,37815.0,1791.89808092
2023-11-29 00:00:00+00:00,37815.0,38402.0,37555.0,37834.0,1189.77921556
2023-11-30 00:00:00+00:00,37840.0,38136.0,37490.0,37724.0,734.3276974300001
2023-12-01 00:00:00+00:00,37732.0,38979.0,37618.0,38676.0,2689.82515593
2023-12-02 00:00:00+00:00,38676.0,39678.0,38634.0,39438.0,2856.44282153
2023-12-03 00:00:00+00:00,39431.0,40170.0,39253.0,39940.0,1408.73497438
2023-12-04 00:00:00+00:00,39959.0,42336.0,39959.0,41942.0,2953.70167011
2023-12-05 00:00:00+00:00,41905.0,44488.0,40849.0,44112.0,5332.11475401
2023-12-06 00:00:00+00:00,44113.0,44297.0,43444.0,43814.0,5125.54675711
2023-12-07 00:00:00+00:00,43809.0,44091.0,42862.0,43290.0,2935.55959819
2023-12-08 00:00:00+00:00,43284.0,44699.0,43086.0,44173.0,1962.21252053
2023-12-09 00:00:00+00:00,44178.0,44366.0,43623.0,43749.0,1284.98339071
2023-12-10 00:00:00+00:00,43745.0,44066.0,43623.0,43809.0,936.20231868
2023-12-11 00:00:00+00:00,43818.0,43842.0,40198.0,41287.0,3004.44954038
2023-12-12 00:00:00+00:00,41286.0,42115.0,40695.0,41501.0,902.66795965
2023-12-13 00:00:00+00:00,41518.0,43461.0,40666.0,42891.0,1454.80799253
2023-12-14 00:00:00+00:00,42902.0,43470.0,41475.0,43064.0,1666.06714644
2023-12-15 00:00:00+00:00,43061.0,43106.0,41723.0,41974.0,1011.65981813
2023-12-16 00:00:00+00:00,41976.0,42746.0,41693.0,42328.0,650.6456654
2023-12-17 00:00:00+00:00,42321.0,42448.0,41286.0,41411.0,1109.10178864
2023-12-18 00:00:00+00:00,41410.0,42773.0,40508.0,42672.0,1456.98363741
2023-12-19 00:00:00+00:00,42684.0,43529.0,41850.0,42316.0,957.60283027
2023-12-20 00:00:00+00:00,42309.0,44363.0,42244.0,43689.0,2175.77771137
2023-12-21 00:00:00+00:00,43697.0,44250.0,43362.0,43890.0,1168.03647426
2023-12-22 00:00:00+00:00,43890.0,44444.0,43480.0,44038.0,992.75415162
2023-12-23 00:00:00+00:00,44058.0,44068.0,43332.0,43801.0,657.22849302
2023-12-24 00:00:00+00:00,43801.0,43978.0,42700.0,43043.0,745.48413591
2023-12-25 00:00:00+00:00,43040.0,43881.0,42784.0,43641.0,837.15319382
2023-12-26 00:00:00+00:00,43640.0,43649.0,41616.0,42568.0,1985.68376629
2023-12-27 00:00:00+00:00,42569.0,43666.0,42171.0,43479.0,1016.95405013
2023-12-28 00:00:00+00:00,43475.0,43793.0,42388.0,42617.0,1094.71421077
2023-12-29 00:00:00+00:00,42659.0,43175.0,41304.0,42139.0,1637.00085571
2023-12-30 00:00:00+00:00,42123.0,42665.0,41585.0,42199.0,672.33764919
2023-12-31 00:00:00+00:00,42198.0,42939.0,42023.0,42326.0,656.53211617
2024-01-01 00:00:00+00:00,42331.0,44190.0,42232.0,44175.0,1162.14413758
2024-01-02 00:00:00+00:00,44180.0,45920.0,44175.0,44994.0,3104.62066833
2024-01-03 00:00:00+00:00,45003.0,45559.0,40383.0,42869.0,4186.55630139
2024-01-04 00:00:00+00:00,42874.0,44810.0,42673.0,44224.0,1849.38800183
2024-01-05 00:00:00+00:00,44216.0,44449.0,42413.0,44191.0,1894.05159983
2024-01-06 00:00:00+00:00,44192.0,44263.0,43453.0,44018.0,742.27855358
2024-01-07 00:00:00+00:00,44011.0,44500.0,43627.0,43959.0,574.26826438
2024-01-08 00:00:00+00:00,43959.0,47224.0,43241.0,46946.0,3825.50930691
2024-01-09 00:00:00+00:00,46946.0,47857.0,44545.0,46113.0,3869.42510528
2024-01-10 00:00:00+00:00,46100.0,47582.0,44268.0,46653.0,5054.5362036
2024-01-11 00:00:00+00:00,46654.0,48750.0,45581.0,46333.0,5419.84109342
2024-01-12 00:00:00+00:00,46334.0,46508.0,41500.0,42809.0,3778.02497944
2024-01-13 00:00:00+00:00,42833.0,43250.0,42441.0,42847.0,1035.91452464
2024-01-14 00:00:00+00:00,42825.0,43075.0,41715.0,41731.0,1100.10399675
2024-01-15 00:00:00+00:00,41722.0,43369.0,41700.0,42520.0,933.8109698
2024-01-16 00:00:00+00:00,42521.0,43588.0,42069.0,43163.0,697.88384865
2024-01-17 00:00:00+00:00,43175.0,43215.0,42216.0,42778.0,801.52411505
2024-01-18 00:00:00+00:00,42784.0,42932.0,40704.0,41337.0,1382.78497618
2024-01-19 00:00:00+00:00,41358.0,42212.0,40358.0,41715.0,1550.34973284
2024-01-20 00:00:00+00:00,41727.0,41944.0,41518.0,41778.0,1510.91361498
2024-01-21 00:00:00+00:00,41777.0,41946.0,41588.0,41679.0,1238.06887393
2024-01-22 00:00:00+00:00,41670.0,41775.0,39452.0,39600.0,3146.42675419
2024-01-23 00:00:00+00:00,39600.0,40215.0,38572.0,39938.0,2784.59213157
2024-01-24 00:00:00+00:00,39937.0,40599.0,39526.0,40139.0,1882.31298741
2024-01-25 00:00:00+00:00,40139.0,40333.0,39554.0,40001.0,2304.91013709
2024-01-26 00:00:00+00:00,39986.0,42192.0,39876.0,41821.0,2733.26375392
2024-01-27 00:00:00+00:00,41827.0,42204.0,41405.0,42129.0,466.28096889
2024-01-28 00:00:00+00:00,42129.0,42815.0,41623.0,42044.0,935.66876867
2024-01-29 00:00:00+00:00,42045.0,43332.0,41821.0,43309.0,1164.2145457
2024-01-30 00:00:00+00:00,43309.0,43867.0,42700.0,42956.0,1110.50288853
2024-01-31 00:00:00+00:00,42955.0,43722.0,42304.0,42594.0,1293.52465203
2024-02-01 00:00:00+00:00,42593.0,43273.0,41880.0,43088.0,936.2563065100001
2024-02-02 00:00:00+00:00,43100.0,43481.0,42554.0,43201.0,779.10257142
2024-02-03 00:00:00+00:00,43201.0,43366.0,42888.0,43004.0,288.44524353
2024-02-04 00:00:00+00:00,43004.0,43109.0,42240.0,42583.0,625.58655347
2024-02-05 00:00:00+00:00,42584.0,43540.0,42247.0,42707.0,1035.98511323
2024-02-06 00:00:00+00:00,42707.0,43387.0,42574.0,43101.0,709.5446279500001
2024-02-07 00:00:00+00:00,43084.0,44354.0,42788.0,44328.0,1740.08200415
2024-02-08 00:00:00+00:00,44330.0,45563.0,44323.0,45279.0,1666.69395091
2024-02-09 00:00:00+00:00,45280.0,48190.0,45246.0,47150.0,2803.32280723
2024-02-10 00:00:00+00:00,47150.0,48190.0,46900.0,47795.0,731.4971334
2024-02-11 00:00:00+00:00,47801.0,48500.0,47609.0,48321.0,1312.5632509
2024-02-12 00:00:00+00:00,48342.0,50283.0,47699.0,49947.0,4364.34929449
2024-02-13 00:00:00+00:00,49939.0,50349.0,48322.0,49777.0,2431.26337741
2024-02-14 00:00:00+00:00,49774.0,52005.0,49298.0,51779.0,3074.24915367
2024-02-15 00:00:00+00:00,51788.0,52700.0,51280.0,51893.0,2444.03018381
2024-02-16 00:00:00+00:00,51890.0,52580.0,51580.0,52134.0,1274.27256784
2024-02-17 00:00:00+00:00,52143.0,52156.0,50130.0,51637.0,1389.0712367200001
2024-02-18 00:00:00+00:00,51636.0,52451.0,51165.0,52070.0,911.18860671
2024-02-19 00:00:00+00:00,52075.0,52466.0,51648.0,51731.0,1194.54602033
2024-02-20 00:00:00+00:00,51732.0,52880.0,50584.0,52167.0,2602.65474045
2024-02-21 00:00:00+00:00,52167.0,52279.0,50439.0,51859.0,2225.10727843
2024-02-22 00:00:00+00:00,51858.0,52100.0,50902.0,51280.0,1874.81739491
2024-02-23 00:00:00+00:00,51280.0,51537.0,50227.0,50737.0,1047.88633331
2024-02-24 00:00:00+00:00,50737.0,51736.0,50589.0,51630.0,977.4699689
2024-02-25 00:00:00+00:00,51629.0,51963.0,51307.0,51715.0,1277.05027885
2024-02-26 00:00:00+00:00,51725.0,54720.0,50871.0,54402.0,4391.45851309
2024-02-27 00:00:00+00:00,54402.0,57537.0,54384.0,56999.0,4496.96936736
2024-02-28 00:00:00+00:00,57013.0,63905.0,56668.0,62372.0,6633.12569925
2024-02-29 00:00:00+00:00,62374.0,63578.0,60201.0,61143.0,4105.09534846
2024-03-01 00:00:00+00:00,61126.0,63028.0,60500.0,62348.0,2511.9701511
2024-03-02 00:00:00+00:00,62330.0,62406.0,61584.0,61962.0,1372.71577809
2024-03-03 00:00:00+00:00,61972.0,63248.0,61350.0,63121.0,1715.90022813
2024-03-04 00:00:00+00:00,63113.0,68161.0,62216.0,68098.0,5449.36845524
2024-03-05 00:00:00+00:00,68098.0,68874.0,59008.0,63772.0,9331.9346361
2024-03-06 00:00:00+00:00,63771.0,67681.0,62783.0,66073.0,4510.76071661
2024-03-07 00:00:00+00:00,66073.0,67962.0,65595.0,66727.0,2189.6164172100002
2024-03-08 00:00:00+00:00,66735.0,69839.0,66036.0,68004.0,4667.82866639
2024-03-09 00:00:00+00:00,68010.0,68534.0,67719.0,68205.0,1834.21067186
2024-03-10 00:00:00+00:00,68205.0,69861.0,68047.0,68951.0,2929.04864379
2024-03-11 00:00:00+00:00,68950.0,72606.0,67000.0,71937.0,7118.7701659
2024-03-12 00:00:00+00:00,71942.0,72760.0,68357.0,71221.0,6894.28702272
2024-03-13 00:00:00+00:00,71232.0,73588.0,70976.0,72998.0,3071.63351921
2024-03-14 00:00:00+00:00,72991.0,73666.0,68530.0,71353.0,3478.19802908
2024-03-15 00:00:00+00:00,71351.0,72413.0,65460.0,69520.0,5083.26234732
2024-03-16 00:00:00+00:00,69520.0,70071.0,64867.0,65304.0,3387.672496
2024-03-17 00:00:00+00:00,65264.0,68927.0,64593.0,68453.0,3702.44497245
2024-03-18 00:00:00+00:00,68450.0,68940.0,66633.0,67609.0,2323.45249607
2024-03-19 00:00:00+00:00,67606.0,68136.0,61689.0,62030.0,6977.0131748
2024-03-20 00:00:00+00:00,62022.0,68202.0,60870.0,67912.0,4527.23534198
2024-03-21 00:00:00+00:00,67923.0,68280.0,64623.0,65577.0,3359.63009109
2024-03-22 00:00:00+00:00,65577.0,66712.0,62201.0,63828.0,3150.55293135
2024-03-23 00:00:00+00:00,63826.0,65973.0,63059.0,64034.0,1308.71209912
2024-03-24 00:00:00+00:00,64028.0,67949.0,63826.0,67280.0,2022.35352626
2024-03-25 00:00:00+00:00,67281.0,70983.0,66397.0,69824.0,4658.79977507
2024-03-26 00:00:00+00:00,69823.0,71444.0,69327.0,69985.0,1865.8163499
2024-03-27 00:00:00+00:00,69996.0,71611.0,68251.0,69467.0,4204.05691018
2024-03-28 00:00:00+00:00,69476.0,71557.0,68928.0,70776.0,1569.72474288
2024-03-29 00:00:00+00:00,70786.0,70893.0,69015.0,69862.0,1472.56855321
2024-03-30 00:00:00+00:00,69863.0,70301.0,69631.0,69669.0,311.00598419
2024-03-31 00:00:00+00:00,69652.0,71444.0,69652.0,71402.0,1206.86292628
2024-04-01 00:00:00+00:00,71373.0,71373.0,68099.0,69691.0,2563.26764476
2024-04-02 00:00:00+00:00,69691.0,69691.0,64192.0,65495.0,3472.80643738
2024-04-03 00:00:00+00:00,65494.0,66931.0,64587.0,65966.0,1433.4354457700001
2024-04-04 00:00:00+00:00,65960.0,69634.0,65048.0,68502.0,2233.24606754
2024-04-05 00:00:00+00:00,68502.0,68732.0,65959.0,67819.0,1679.09172362
2024-04-06 00:00:00+00:00,67833.0,69687.0,67379.0,68880.0,521.6677086
2024-04-07 00:00:00+00:00,68889.0,70222.0,68820.0,69342.0,551.82696831
2024-04-08 00:00:00+00:00,69343.0,72762.0,69036.0,71675.0,3090.89135295
2024-04-09 00:00:00+00:00,71674.0,71751.0,68238.0,69165.0,2827.05371425
2024-04-10 00:00:00+00:00,69163.0,71341.0,67559.0,70688.0,2393.62234463
2024-04-11 00:00:00+00:00,70733.0,71444.0,69650.0,70104.0,1412.4162909
2024-04-12 00:00:00+00:00,70103.0,71291.0,65103.0,67061.0,2754.44994986
2024-04-13 00:00:00+00:00,67058.0,67878.0,61593.0,64006.0,4315.06206209
2024-04-14 00:00:00+00:00,63985.0,65909.0,62190.0,65793.0,2527.95580136
2024-04-15 00:00:00+00:00,65770.0,66888.0,62323.0,63488.0,2488.96564408
2024-04-16 00:00:00+00:00,63511.0,64415.0,61730.0,63874.0,1804.45694431
2024-04-17 00:00:00+00:00,63884.0,64534.0,59810.0,61375.0,2282.4089859
2024-04-18 00:00:00+00:00,61351.0,64194.0,60914.0,63529.0,1657.91728965
2024-04-19 00:00:00+00:00,63528.0,65501.0,59675.0,63867.0,2277.37012911
2024-04-20 00:00:00+00:00,63890.0,65465.0,63174.0,65045.0,828.85169489
2024-04-21 00:00:00+00:00,65015.0,65756.0,64254.0,65011.0,493.67203554
2024-04-22 00:00:00+00:00,65011.0,68158.0,64581.0,66894.0,1076.4647703
2024-04-23 00:00:00+00:00,66906.0,67253.0,65807.0,66458.0,513.61560578
2024-04-24 00:00:00+00:00,66479.0,67153.0,63666.0,64345.0,905.82067444
2024-04-25 00:00:00+00:00,64331.0,65381.0,62818.0,64555.0,931.30819006
2024-04-26 00:00:00+00:00,64557.0,64839.0,63374.0,63875.0,719.94542889
2024-04-27 00:00:00+00:00,63872.0,64029.0,62405.0,63574.0,1125.74028184
2024-04-28 00:00:00+00:00,63577.0,64470.0,62913.0,63216.0,367.24358404000003
2024-04-29 00:00:00+00:00,63217.0,64304.0,61903.0,63960.0,1009.17114172
2024-04-30 00:00:00+00:00,63944.0,64800.0,59360.0,60836.0,1958.24585436
2024-05-01 00:00:00+00:00,60845.0,60991.0,56711.0,58441.0,3899.79977668
2024-05-02 00:00:00+00:00,58455.0,59767.0,57072.0,59195.0,2226.81833426
2024-05-03 00:00:00+00:00,59195.0,63444.0,58914.0,62978.0,2893.43651027
2024-05-04 00:00:00+00:00,62978.0,64644.0,62690.0,63983.0,462.65908704
2024-05-05 00:00:00+00:00,63982.0,64801.0,63033.0,64180.0,711.06509507
2024-05-06 00:00:00+00:00,64212.0,65628.0,62812.0,63280.0,856.64252511
2024-05-07 00:00:00+00:00,63282.0,64480.0,62372.0,62434.0,443.52187117
2024-05-08 00:00:00+00:00,62434.0,63112.0,61020.0,61319.0,761.49002717
2024-05-09 00:00:00+00:00,61312.0,63529.0,60742.0,63209.0,880.89530317
2024-05-10 00:00:00+00:00,63208.0,63612.0,60184.0,60807.0,1673.75517713
2024-05-11 00:00:00+00:00,60807.0,61588.0,60565.0,60929.0,662.89845213
2024-05-12 00:00:00+00:00,60918.0,61962.0,60722.0,61612.0,443.79505637
2024-05-13 00:00:00+00:00,61668.0,63540.0,60866.0,63020.0,658.47682034
2024-05-14 00:00:00+00:00,63001.0,63175.0,61238.0,61668.0,864.94429304
2024-05-15 00:00:00+00:00,61655.0,66500.0,61436.0,66320.0,1652.56370497
2024-05-16 00:00:00+00:00,66377.0,66799.0,64715.0,65314.0,884.75164502
2024-05-17 00:00:00+00:00,65325.0,67618.0,65220.0,67182.0,915.34486584
2024-05-18 00:00:00+00:00,67193.0,67473.0,66598.0,66995.0,192.42515224
2024-05-19 00:00:00+00:00,66995.0,67801.0,65955.0,66339.0,281.52915457
2024-05-20 00:00:00+00:00,66338.0,71500.0,66166.0,71428.0,2258.94056916
2024-05-21 00:00:00+00:00,71452.0,71922.0,69210.0,70148.0,1373.95730581
2024-05-22 00:00:00+00:00,70165.0,70668.0,69000.0,69191.0,761.82661489
2024-05-23 00:00:00+00:00,69192.0,70095.0,66419.0,68058.0,1279.66292903
2024-05-24 00:00:00+00:00,68035.0,69308.0,66733.0,68604.0,643.09183717
2024-05-25 00:00:00+00:00,68604.0,69635.0,68589.0,69342.0,479.776466
2024-05-26 00:00:00+00:00,69374.0,69588.0,68208.0,68585.0,439.03161514
2024-05-27 00:00:00+00:00,68544.0,70679.0,68313.0,69492.0,1110.09129299
2024-05-28 00:00:00+00:00,69470.0,69597.0,67361.0,68434.0,899.57079682
2024-05-29 00:00:00+00:00,68487.0,68971.0,67225.0,67720.0,628.0451116
2024-05-30 00:00:00+00:00,67732.0,69523.0,67180.0,68413.0,701.96002167
2024-05-31 00:00:00+00:00,68410.0,69028.0,66680.0,67582.0,816.60709348
2024-06-01 00:00:00+00:00,67573.0,67890.0,67463.0,67759.0,241.83649033
2024-06-02 00:00:00+00:00,67771.0,68444.0,67340.0,67816.0,175.6635955
2024-06-03 00:00:00+00:00,67812.0,70294.0,67625.0,68859.0,1203.93072144
2024-06-04 00:00:00+00:00,68852.0,71071.0,68607.0,70604.0,803.09846946
2024-06-05 00:00:00+00:00,70594.0,71717.0,70409.0,71101.0,862.23410938
2024-06-06 00:00:00+00:00,71106.0,71651.0,70155.0,70836.0,667.72266815
2024-06-07 00:00:00+00:00,70835.0,71950.0,68464.0,69394.0,1727.16879048
2024-06-08 00:00:00+00:00,69393.0,69618.0,69204.0,69338.0,128.65701632
2024-06-09 00:00:00+00:00,69337.0,69798.0,69101.0,69646.0,487.78514665
2024-06-10 00:00:00+00:00,69645.0,70150.0,69170.0,69530.0,485.70316184
2024-06-11 00:00:00+00:00,69530.0,69552.0,66150.0,67331.0,1338.04756972
2024-06-12 00:00:00+00:00,67330.0,70037.0,66919.0,68266.0,1161.43483661
2024-06-13 00:00:00+00:00,68266.0,68444.0,66271.0,66776.0,525.75440857
2024-06-14 00:00:00+00:00,66776.0,67370.0,65088.0,66038.0,814.2031603300001
2024-06-15 00:00:00+00:00,66039.0,66442.0,65886.0,66229.0,145.867611
2024-06-16 00:00:00+00:00,66229.0,66947.0,66054.0,66677.0,336.62422083
2024-06-17 00:00:00+00:00,66677.0,67302.0,65147.0,66569.0,681.99542241
2024-06-18 00:00:00+00:00,66569.0,66623.0,64179.0,65253.0,1604.82166245
2024-06-19 00:00:00+00:00,65257.0,65820.0,64784.0,65071.0,711.88347375
2024-06-20 00:00:00+00:00,65071.0,66585.0,64654.0,65007.0,1157.45094871
2024-06-21 00:00:00+00:00,65008.0,65196.0,63500.0,64237.0,1122.14722434
2024-06-22 00:00:00+00:00,64240.0,64613.0,64062.0,64370.0,508.2046417
2024-06-23 00:00:00+00:00,64369.0,64618.0,63290.0,63292.0,568.87090046
2024-06-24 00:00:00+00:00,63292.0,63461.0,58555.0,60372.0,2950.4153315
2024-06-25 00:00:00+00:00,60371.0,62470.0,60340.0,61878.0,1559.97367307
2024-06-26 00:00:00+00:00,61878.0,62558.0,60789.0,60923.0,871.02450274
2024-06-27 00:00:00+00:00,60930.0,62499.0,60708.0,61825.0,1317.29955615
2024-06-28 00:00:00+00:00,61804.0,62295.0,60151.0,60547.0,886.94421755
2024-06-29 00:00:00+00:00,60546.0,61352.0,60513.0,61087.0,797.91831373
2024-06-30 00:00:00+00:00,61084.0,63131.0,60825.0,62867.0,622.87788145
2024-07-01 00:00:00+00:00,62867.0,63911.0,62628.0,62953.0,693.8096336
2024-07-02 00:00:00+00:00,62939.0,63331.0,61878.0,62219.0,611.89885167
2024-07-03 00:00:00+00:00,62217.0,62386.0,59476.0,60298.0,1006.625819
2024-07-04 00:00:00+00:00,60298.0,60550.0,56810.0,57118.0,2398.69489866
2024-07-05 00:00:00+00:00,57118.0,57615.0,53219.0,56759.0,3018.81561669
2024-07-06 00:00:00+00:00,56759.0,58538.0,56188.0,58326.0,1492.34396237
2024-07-07 00:00:00+00:00,58326.0,58563.0,55929.0,56039.0,965.18957162
2024-07-08 00:00:00+00:00,56035.0,58350.0,54500.0,56873.0,1699.0859488
2024-07-09 00:00:00+00:00,56873.0,58422.0,56462.0,58205.0,1307.61857387
2024-07-10 00:00:00+00:00,58205.0,59606.0,57353.0,57908.0,966.65713685
2024-07-11 00:00:00+00:00,57909.0,59654.0,57237.0,57458.0,1370.68565841
2024-07-12 00:00:00+00:00,57457.0,58653.0,56668.0,58054.0,1124.01457876
2024-07-13 00:00:00+00:00,58055.0,60063.0,57932.0,59382.0,623.67432703
2024-07-14 00:00:00+00:00,59381.0,61535.0,59379.0,60946.0,1033.99661468
2024-07-15 00:00:00+00:00,60933.0,65014.0,60840.0,64882.0,1343.54515769
2024-07-16 00:00:00+00:00,64883.0,65488.0,62537.0,65188.0,839.81273646
2024-07-17 00:00:00+00:00,65180.0,66180.0,63958.0,64204.0,510.14591081
2024-07-18 00:00:00+00:00,64193.0,65200.0,63292.0,64048.0,615.77840376
2024-07-19 00:00:00+00:00,64047.0,67503.0,63414.0,66789.0,1012.90833499
2024-07-20 00:00:00+00:00,66786.0,67694.0,66368.0,67239.0,427.01276917
2024-07-21 00:00:00+00:00,67239.0,68479.0,65944.0,68265.0,728.41390426
2024-07-22 00:00:00+00:00,68269.0,68560.0,66715.0,67698.0,710.33216712
2024-07-23 00:00:00+00:00,67691.0,67906.0,65547.0,66101.0,564.98538123
2024-07-24 00:00:00+00:00,66101.0,67241.0,65229.0,65482.0,735.6190104
2024-07-25 00:00:00+00:00,65503.0,66241.0,63532.0,65849.0,1093.34201451
2024-07-26 00:00:00+00:00,65867.0,68333.0,65850.0,68061.0,749.46181255
2024-07-27 00:00:00+00:00,68061.0,69529.0,66858.0,68023.0,762.97542283
2024-07-28 00:00:00+00:00,68020.0,68443.0,67223.0,68419.0,158.95337469
2024-07-29 00:00:00+00:00,68417.0,70162.0,66666.0,66933.0,1216.27180842
2024-07-30 00:00:00+00:00,66927.0,67179.0,65556.0,66349.0,682.76172309
2024-07-31 00:00:00+00:00,66348.0,66947.0,64630.0,64724.0,493.48102801
2024-08-01 00:00:00+00:00,64724.0,65720.0,62409.0,65465.0,1432.83787202
2024-08-02 00:00:00+00:00,65462.0,65668.0,61291.0,61529.0,1137.27149415
2024-08-03 00:00:00+00:00,61548.0,62260.0,60000.0,60825.0,876.91977973
2024-08-04 00:00:00+00:00,60821.0,61213.0,57300.0,58220.0,674.13796795
2024-08-05 00:00:00+00:00,58203.0,58344.0,49130.0,54158.0,7251.73738133
2024-08-06 00:00:00+00:00,54179.0,57207.0,54142.0,56187.0,1169.11321543
2024-08-07 00:00:00+00:00,56142.0,57833.0,54659.0,55179.0,842.72844783
2024-08-08 00:00:00+00:00,55195.0,62770.0,54847.0,61801.0,1514.24287007
2024-08-09 00:00:00+00:00,61771.0,61809.0,59630.0,60942.0,372.83146685
2024-08-10 00:00:00+00:00,60926.0,61535.0,60342.0,61018.0,172.69337801
2024-08-11 00:00:00+00:00,61019.0,61916.0,58430.0,58817.0,375.47275382
2024-08-12 00:00:00+00:00,58816.0,60764.0,57720.0,59440.0,746.4127147
2024-08-13 00:00:00+00:00,59440.0,61635.0,58527.0,60666.0,774.72813244
2024-08-14 00:00:00+00:00,60666.0,61898.0,58558.0,58777.0,838.2899886
2024-08-15 00:00:00+00:00,58765.0,59909.0,56220.0,57594.0,810.96885801
2024-08-16 00:00:00+00:00,57594.0,59905.0,57171.0,58996.0,448.01664609
2024-08-17 00:00:00+00:00,59006.0,59800.0,58950.0,59589.0,131.7690686
2024-08-18 00:00:00+00:00,59593.0,60313.0,58533.0,58543.0,504.27362598
2024-08-19 00:00:00+00:00,58533.0,59700.0,57936.0,59588.0,296.18091829
2024-08-20 00:00:00+00:00,59578.0,61472.0,58718.0,59172.0,1104.19449535
2024-08-21 00:00:00+00:00,59172.0,61898.0,58957.0,61252.0,981.87061177
2024-08-22 00:00:00+00:00,61253.0,61467.0,59842.0,60483.0,351.73268112
2024-08-23 00:00:00+00:00,60483.0,65074.0,60461.0,64151.0,749.72137326
2024-08-24 00:00:00+00:00,64140.0,64609.0,63667.0,64230.0,261.37402559
2024-08-25 00:00:00+00:00,64236.0,65200.0,63912.0,64361.0,242.61957764
2024-08-26 00:00:00+00:00,64362.0,64579.0,62934.0,62966.0,393.91406785
2024-08-27 00:00:00+00:00,62966.0,63307.0,58200.0,59545.0,1156.45720345
2024-08-28 00:00:00+00:00,59540.0,60330.0,58085.0,59156.0,780.52524324
2024-08-29 00:00:00+00:00,59156.0,61290.0,58885.0,59512.0,1004.46330465
2024-08-30 00:00:00+00:00,59512.0,60102.0,57876.0,59300.0,1900.45583256
2024-08-31 00:00:00+00:00,59300.0,59622.0,58932.0,59155.0,812.56596372
2024-09-01 00:00:00+00:00,59155.0,59236.0,57333.0,57469.0,1248.98229378
2024-09-02 00:00:00+00:00,57456.0,59588.0,57309.0,59308.0,887.4399163
2024-09-03 00:00:00+00:00,59305.0,59976.0,57609.0,57680.0,973.19045016
2024-09-04 00:00:00+00:00,57658.0,58632.0,56010.0,58116.0,2148.24659727
2024-09-05 00:00:00+00:00,58113.0,58451.0,55776.0,56323.0,2085.31236836
2024-09-06 00:00:00+00:00,56317.0,57123.0,52756.0,54136.0,2368.30754207
2024-09-07 00:00:00+00:00,54129.0,55084.0,53931.0,54309.0,1300.40618142
2024-09-08 00:00:00+00:00,54302.0,55448.0,53751.0,55011.0,1059.2340051200001
2024-09-09 00:00:00+00:00,55019.0,58180.0,54750.0,57110.0,1939.26757614
2024-09-10 00:00:00+00:00,57121.0,58136.0,56489.0,57758.0,271.57008002
2024-09-11 00:00:00+00:00,57759.0,58104.0,55732.0,57451.0,1185.63687234
2024-09-12 00:00:00+00:00,57456.0,58652.0,57449.0,58287.0,803.19130494
2024-09-13 00:00:00+00:00,58288.0,60730.0,57759.0,60645.0,1164.81851535
2024-09-14 00:00:00+00:00,60638.0,60713.0,59666.0,60139.0,329.61175074
2024-09-15 00:00:00+00:00,60139.0,60525.0,58858.0,59296.0,833.56069057
2024-09-16 00:00:00+00:00,59286.0,59336.0,57652.0,58342.0,624.97120675
2024-09-17 00:00:00+00:00,58342.0,61337.0,57773.0,60435.0,1103.07532821
2024-09-18 00:00:00+00:00,60435.0,61875.0,59293.0,61853.0,1001.81133908
2024-09-19 00:00:00+00:00,61853.0,63950.0,61702.0,63032.0,800.4729952
2024-09-20 00:00:00+00:00,63050.0,64200.0,62435.0,63205.0,490.98781383
2024-09-21 00:00:00+00:00,63205.0,63614.0,62805.0,63415.0,206.37950249
2024-09-22 00:00:00+00:00,63416.0,64093.0,62477.0,63663.0,631.34903341
2024-09-23 00:00:00+00:00,63663.0,64842.0,62687.0,63456.0,720.88591575
2024-09-24 00:00:00+00:00,63456.0,64775.0,62850.0,64381.0,525.88709179
2024-09-25 00:00:00+00:00,64386.0,64888.0,63077.0,63264.0,404.73309664
2024-09-26 00:00:00+00:00,63263.0,65888.0,62805.0,65307.0,861.36783127
2024-09-27 00:00:00+00:00,65308.0,66587.0,64987.0,65928.0,667.5693312
2024-09-28 00:00:00+00:00,65928.0,66410.0,65568.0,66014.0,105.24255847
2024-09-29 00:00:00+00:00,65999.0,66193.0,65574.0,65762.0,87.51045133
2024-09-30 00:00:00+00:00,65759.0,65759.0,63005.0,63468.0,1038.7765083
2024-10-01 00:00:00+00:00,63468.0,64217.0,60313.0,60961.0,892.73702201
2024-10-02 00:00:00+00:00,60948.0,62480.0,60139.0,60788.0,741.14716371
2024-10-03 00:00:00+00:00,60785.0,61600.0,60004.0,60892.0,380.00225537
2024-10-04 00:00:00+00:00,60880.0,62575.0,60602.0,62205.0,430.60115939
2024-10-05 00:00:00+00:00,62208.0,62437.0,61767.0,62138.0,249.57036283
2024-10-06 00:00:00+00:00,62128.0,63033.0,61862.0,62894.0,226.15229561
2024-10-07 00:00:00+00:00,62895.0,64514.0,62197.0,62257.0,607.00723824
2024-10-08 00:00:00+00:00,62251.0,63248.0,61940.0,62230.0,428.99910707
2024-10-09 00:00:00+00:00,62223.0,62587.0,60346.0,60650.0,460.75719302
2024-10-10 00:00:00+00:00,60650.0,61364.0,58943.0,60337.0,660.61934024
2024-10-11 00:00:00+00:00,60337.0,63455.0,60104.0,62581.0,417.28016865
2024-10-12 00:00:00+00:00,62586.0,63590.0,62569.0,63335.0,288.91673465
2024-10-13 00:00:00+00:00,63335.0,63406.0,62204.0,62986.0,591.50447024
2024-10-14 00:00:00+00:00,62987.0,66555.0,62601.0,66179.0,812.69697457
2024-10-15 00:00:00+00:00,66179.0,67820.0,64829.0,67123.0,1398.8663039
2024-10-16 00:00:00+00:00,67132.0,68367.0,66861.0,67654.0,1163.51993054
2024-10-17 00:00:00+00:00,67654.0,67962.0,66703.0,67454.0,382.89440356
2024-10-18 00:00:00+00:00,67453.0,68886.0,67240.0,68368.0,897.64641273
2024-10-19 00:00:00+00:00,68369.0,68641.0,68035.0,68360.0,183.7518498
2024-10-20 00:00:00+00:00,68359.0,69402.0,68116.0,69045.0,311.45027284
2024-10-21 00:00:00+00:00,69045.0,69586.0,66942.0,67425.0,581.39534921
2024-10-22 00:00:00+00:00,67427.0,67824.0,66646.0,67405.0,395.98210221
2024-10-23 00:00:00+00:00,67412.0,67436.0,65265.0,66695.0,452.46354108
2024-10-24 00:00:00+00:00,66684.0,68846.0,66527.0,68188.0,451.5145238
2024-10-25 00:00:00+00:00,68189.0,68750.0,65602.0,66734.0,515.31350676
2024-10-26 00:00:00+00:00,66708.0,67446.0,66456.0,67081.0,132.05846983
2024-10-27 00:00:00+00:00,67081.0,68328.0,66926.0,68035.0,223.16458122
2024-10-28 00:00:00+00:00,68035.0,70287.0,67660.0,69989.0,727.68815505
2024-10-29 00:00:00+00:00,69992.0,73525.0,69812.0,72688.0,2654.17736827
2024-10-30 00:00:00+00:00,72705.0,73060.0,71510.0,72451.0,440.18092922
2024-10-31 00:00:00+00:00,72451.0,72670.0,69674.0,70299.0,403.74380128
2024-11-01 00:00:00+00:00,70294.0,71653.0,68888.0,69589.0,920.83306354
2024-11-02 00:00:00+00:00,69587.0,69939.0,69028.0,69321.0,371.36375547
2024-11-03 00:00:00+00:00,69332.0,69409.0,67530.0,68807.0,1040.24716464
2024-11-04 00:00:00+00:00,68806.0,69505.0,66880.0,67858.0,626.22569649
2024-11-05 00:00:00+00:00,67879.0,70599.0,67541.0,69450.0,776.81575491
2024-11-06 00:00:00+00:00,69458.0,76179.0,69396.0,75580.0,4904.03862397
2024-11-07 00:00:00+00:00,75578.0,76655.0,74397.0,75864.0,1433.42115081
2024-11-08 00:00:00+00:00,75864.0,77049.0,75608.0,76496.0,795.94857221
2024-11-09 00:00:00+00:00,76497.0,76888.0,75746.0,76703.0,307.58528315
2024-11-10 00:00:00+00:00,76705.0,81500.0,76531.0,80365.0,4084.52554245
2024-11-11 00:00:00+00:00,80366.0,89529.0,80244.0,88566.0,3622.96163777
2024-11-12 00:00:00+00:00,88577.0,89933.0,85128.0,87932.0,2921.34987281
2024-11-13 00:00:00+00:00,87932.0,93318.0,86137.0,90453.0,2719.80052825
2024-11-14 00:00:00+00:00,90446.0,91776.0,86693.0,87319.0,1591.09444411
2024-11-15 00:00:00+00:00,87324.0,91859.0,87114.0,91023.0,1203.62694753
2024-11-16 00:00:00+00:00,91015.0,91743.0,90086.0,90554.0,747.01436574
2024-11-17 00:00:00+00:00,90555.0,91423.0,88758.0,89843.0,886.94588567
2024-11-18 00:00:00+00:00,89844.0,92536.0,89500.0,90535.0,1641.59542412
2024-11-19 00:00:00+00:00,90535.0,93751.0,90427.0,92247.0,2041.81891738
2024-11-20 00:00:00+00:00,92247.0,94658.0,91404.0,94243.0,1487.12675381
2024-11-21 00:00:00+00:00,94244.0,98700.0,93986.0,98305.0,2831.15592694
2024-11-22 00:00:00+00:00,98331.0,99334.0,97010.0,98688.0,2402.38476127
2024-11-23 00:00:00+00:00,98714.0,98745.0,97136.0,97538.0,2004.7751723
2024-11-24 00:00:00+00:00,97535.0,98381.0,95611.0,97828.0,777.53335004
2024-11-25 00:00:00+00:00,97802.0,98690.0,92806.0,93160.0,1677.2829409
2024-11-26 00:00:00+00:00,93135.0,95090.0,90911.0,92101.0,1056.31440362
2024-11-27 00:00:00+00:00,92087.0,97251.0,91904.0,95953.0,893.83721908
2024-11-28 00:00:00+00:00,95948.0,96629.0,94750.0,95761.0,330.76162013
2024-11-29 00:00:00+00:00,95761.0,98682.0,95511.0,97579.0,684.78908542
2024-11-30 00:00:00+00:00,97580.0,97580.0,96222.0,96505.0,351.5493117
2024-12-01 00:00:00+00:00,96506.0,97988.0,95836.0,97365.0,583.36217871
2024-12-02 00:00:00+00:00,97366.0,98240.0,94679.0,95912.0,1138.98657451
2024-12-03 00:00:00+00:00,95924.0,96402.0,93780.0,96044.0,1516.76524686
2024-12-04 00:00:00+00:00,96044.0,99167.0,94735.0,98697.0,889.76348159
2024-12-05 00:00:00+00:00,98710.0,104000.0,88800.0,96856.0,5284.08056248
2024-12-06 00:00:00+00:00,96830.0,101900.0,96210.0,99789.0,1456.9110680000001
2024-12-07 00:00:00+00:00,99780.0,100530.0,98788.0,99936.0,362.49066592
2024-12-08 00:00:00+00:00,99936.0,101480.0,98803.0,101240.0,422.96403786
2024-12-09 00:00:00+00:00,101240.0,101300.0,94222.0,97410.0,1580.63972664
2024-12-10 00:00:00+00:00,97410.0,98368.0,94385.0,96650.0,779.33071131
2024-12-11 00:00:00+00:00,96660.0,101800.0,95771.0,101090.0,1017.19236895
2024-12-12 00:00:00+00:00,101100.0,102360.0,99280.0,100010.0,777.71932678
2024-12-13 00:00:00+00:00,100000.0,101840.0,99226.0,101370.0,558.95355168
2024-12-14 00:00:00+00:00,101360.0,102470.0,100550.0,101320.0,671.62863009
2024-12-15 00:00:00+00:00,101320.0,105000.0,101210.0,104340.0,949.46950765
2024-12-16 00:00:00+00:00,104360.0,107610.0,103220.0,105870.0,1882.49657255
2024-12-17 00:00:00+00:00,105880.0,108100.0,105110.0,106020.0,1394.99297115
2024-12-18 00:00:00+00:00,105990.0,106350.0,100060.0,100110.0,1270.23976479
2024-12-19 00:00:00+00:00,100190.0,102800.0,95672.0,97482.0,1553.73673393
2024-12-20 00:00:00+00:00,97503.0,98180.0,92368.0,97869.0,3638.58872397
2024-12-21 00:00:00+00:00,97866.0,99515.0,96425.0,97289.0,580.74865022
2024-12-22 00:00:00+00:00,97290.0,97435.0,94333.0,95201.0,906.45612854
2024-12-23 00:00:00+00:00,95200.0,96548.0,92666.0,94918.0,1787.73783178
2024-12-24 00:00:00+00:00,94919.0,99554.0,93571.0,98730.0,594.53738789
2024-12-25 00:00:00+00:00,98721.0,99566.0,97732.0,99420.0,479.45015053
2024-12-26 00:00:00+00:00,99463.0,99900.0,95307.0,95882.0,747.40637601
2024-12-27 00:00:00+00:00,95882.0,97554.0,93617.0,94419.0,530.89415256
2024-12-28 00:00:00+00:00,94418.0,95916.0,94311.0,95533.0,292.69560862
2024-12-29 00:00:00+00:00,95533.0,95559.0,93188.0,93944.0,589.08670231
2024-12-30 00:00:00+00:00,93943.0,95135.0,91696.0,92982.0,1820.26014178
2024-12-31 00:00:00+00:00,92983.0,96400.0,92173.0,93759.0,1119.30232816
2025-01-01 00:00:00+00:00,93758.0,95287.0,93072.0,94757.0,546.41880328
2025-01-02 00:00:00+00:00,94757.0,97887.0,94521.0,97035.0,576.96194625
2025-01-03 00:00:00+00:00,97035.0,99028.0,96191.0,98179.0,472.01143541
2025-01-04 00:00:00+00:00,98179.0,98781.0,97601.0,98294.0,154.31663435
2025-01-05 00:00:00+00:00,98294.0,98889.0,97356.0,98400.0,222.26863355
2025-01-06 00:00:00+00:00,98402.0,102560.0,98004.0,102290.0,827.1476882
2025-01-07 00:00:00+00:00,102300.0,102760.0,96218.0,97009.0,1094.29319961
2025-01-08 00:00:00+00:00,97015.0,97346.0,92540.0,95202.0,1604.21298654
2025-01-09 00:00:00+00:00,95185.0,95479.0,91430.0,92692.0,1311.9236839
2025-01-10 00:00:00+00:00,92703.0,95930.0,92374.0,94835.0,443.06820749
2025-01-11 00:00:00+00:00,94836.0,95115.0,93958.0,94716.0,150.10640968
2025-01-12 00:00:00+00:00,94717.0,95534.0,93835.0,94580.0,231.99428511
2025-01-13 00:00:00+00:00,94581.0,96069.0,89698.0,94682.0,1850.77111589
2025-01-14 00:00:00+00:00,94680.0,97451.0,94489.0,96701.0,486.19222136
2025-01-15 00:00:00+00:00,96702.0,100660.0,96664.0,100490.0,732.18070397
2025-01-16 00:00:00+00:00,100490.0,100840.0,97381.0,100040.0,667.30956715
2025-01-17 00:00:00+00:00,100030.0,105800.0,100000.0,104040.0,1260.52086251
2025-01-18 00:00:00+00:00,104040.0,104960.0,102200.0,104490.0,541.92272018
2025-01-19 00:00:00+00:00,104490.0,106370.0,99637.0,101300.0,1037.64744681
2025-01-20 00:00:00+00:00,101310.0,109590.0,99500.0,102210.0,2922.39788506
2025-01-21 00:00:00+00:00,102190.0,107360.0,100100.0,106150.0,1118.32325195
2025-01-22 00:00:00+00:00,106150.0,106350.0,103400.0,103680.0,514.08043463
2025-01-23 00:00:00+00:00,103670.0,107000.0,101260.0,103930.0,1702.39265149
2025-01-24 00:00:00+00:00,103930.0,107030.0,102700.0,104790.0,518.92214715
2025-01-25 00:00:00+00:00,104790.0,105260.0,104100.0,104700.0,136.2442268
2025-01-26 00:00:00+00:00,104700.0,105440.0,102660.0,102660.0,326.35891797
2025-01-27 00:00:00+00:00,102660.0,103300.0,97799.0,102300.0,1227.46600418
2025-01-28 00:00:00+00:00,102290.0,103850.0,100380.0,101460.0,421.74199004
2025-01-29 00:00:00+00:00,101450.0,104800.0,101420.0,103780.0,324.77995065
2025-01-30 00:00:00+00:00,103780.0,106520.0,103450.0,104740.0,340.41371262
2025-01-31 00:00:00+00:00,104740.0,106040.0,101670.0,102470.0,400.72017081
2025-02-01 00:00:00+00:00,102470.0,102790.0,100380.0,100700.0,261.29338914
2025-02-02 00:00:00+00:00,100690.0,101460.0,96200.0,97600.0,2142.82775135
2025-02-03 00:00:00+00:00,97600.0,102390.0,91657.0,101270.0,3865.15059159
2025-02-04 00:00:00+00:00,101270.0,101650.0,96127.0,97781.0,914.36959181
2025-02-05 00:00:00+00:00,97778.0,99150.0,96172.0,96614.0,355.28490332
2025-02-06 00:00:00+00:00,96614.0,99222.0,95922.0,96678.0,1082.1567536
2025-02-07 00:00:00+00:00,96688.0,100160.0,95674.0,96579.0,657.01869919
2025-02-08 00:00:00+00:00,96579.0,96908.0,95748.0,96621.0,284.573584
2025-02-09 00:00:00+00:00,96611.0,97366.0,94995.0,96615.0,899.90439937
2025-02-10 00:00:00+00:00,96614.0,98468.0,95391.0,97550.0,527.56163869
2025-02-11 00:00:00+00:00,97551.0,98645.0,95024.0,95950.0,1111.82750308
2025-02-12 00:00:00+00:00,95950.0,98200.0,94398.0,98007.0,1611.35131251
2025-02-13 00:00:00+00:00,98006.0,98166.0,95362.0,96815.0,741.33146064
2025-02-14 00:00:00+00:00,96791.0,98821.0,96431.0,97489.0,626.88023262
2025-02-15 00:00:00+00:00,97488.0,97969.0,97254.0,97574.0,61.30450781
2025-02-16 00:00:00+00:00,97596.0,97723.0,96159.0,96257.0,229.52622295
2025-02-17 00:00:00+00:00,96257.0,97163.0,95444.0,95955.0,652.70991045
2025-02-18 00:00:00+00:00,95953.0,96923.0,93569.0,95835.0,1746.62180213
2025-02-19 00:00:00+00:00,95835.0,97056.0,95250.0,96801.0,734.5660686
2025-02-20 00:00:00+00:00,96801.0,98862.0,96615.0,98433.0,198.10756827
2025-02-21 00:00:00+00:00,98433.0,99574.0,95024.0,96345.0,686.24741625
2025-02-22 00:00:00+00:00,96346.0,97143.0,95965.0,96721.0,174.14014249
2025-02-23 00:00:00+00:00,96720.0,96767.0,95391.0,96450.0,181.32251605
2025-02-24 00:00:00+00:00,96450.0,96659.0,91833.0,91971.0,1432.31609806
2025-02-25 00:00:00+00:00,91925.0,92833.0,86241.0,88888.0,5076.76396819
2025-02-26 00:00:00+00:00,88881.0,89623.0,82925.0,84432.0,4178.90492118
2025-02-27 00:00:00+00:00,84433.0,87320.0,83000.0,85007.0,2194.12404678
2025-02-28 00:00:00+00:00,85008.0,85330.0,78617.0,84654.0,4077.96563681
2025-03-01 00:00:00+00:00,84620.0,86819.0,84115.0,86379.0,1551.27745613
2025-03-02 00:00:00+00:00,86369.0,95321.0,85355.0,94466.0,2331.27918617
2025-03-03 00:00:00+00:00,94488.0,94633.0,85402.0,86478.0,1724.46975104
2025-03-04 00:00:00+00:00,86477.0,89168.0,81513.0,87472.0,2304.10771025
2025-03-05 00:00:00+00:00,87470.0,91262.0,86603.0,90848.0,965.38091532
2025-03-06 00:00:00+00:00,90848.0,92997.0,88071.0,90120.0,580.62967171
2025-03-07 00:00:00+00:00,90120.0,91454.0,84876.0,87042.0,1425.43940349
2025-03-08 00:00:00+00:00,87039.0,87140.0,85469.0,86494.0,867.25011007
2025-03-09 00:00:00+00:00,86498.0,86823.0,80240.0,80952.0,1588.84171309
2025-03-10 00:00:00+00:00,80954.0,84245.0,77793.0,78813.0,2392.92697096
2025-03-11 00:00:00+00:00,78860.0,83820.0,77041.0,83163.0,1820.60966752
2025-03-12 00:00:00+00:00,83148.0,84630.0,80843.0,83856.0,1111.77169462
2025-03-13 00:00:00+00:00,83857.0,84494.0,80101.0,81289.0,438.43950027
2025-03-14 00:00:00+00:00,81289.0,85487.0,81024.0,84207.0,1160.2473446
2025-03-15 00:00:00+00:00,84210.0,84911.0,83832.0,84536.0,338.04812282
2025-03-16 00:00:00+00:00,84537.0,85280.0,82191.0,82759.0,324.54494046
2025-03-17 00:00:00+00:00,82759.0,84920.0,82666.0,84246.0,592.98637908
2025-03-18 00:00:00+00:00,84221.0,84221.0,81366.0,82933.0,1241.46415804
2025-03-19 00:00:00+00:00,82933.0,87189.0,82759.0,87029.0,671.17077212
2025-03-20 00:00:00+00:00,87030.0,87622.0,83783.0,84296.0,409.86421346000003
2025-03-21 00:00:00+00:00,84296.0,84945.0,83300.0,84144.0,311.9773661
2025-03-22 00:00:00+00:00,84154.0,84594.0,83791.0,83919.0,85.62712877999999
2025-03-23 00:00:00+00:00,83924.0,86288.0,83924.0,86267.0,175.98071924
2025-03-24 00:00:00+00:00,86276.0,88868.0,85714.0,87606.0,337.72886011
2025-03-25 00:00:00+00:00,87603.0,88651.0,86453.0,87606.0,553.05400225
2025-03-26 00:00:00+00:00,87588.0,88460.0,86057.0,87089.0,798.25050507
2025-03-27 00:00:00+00:00,87089.0,87934.0,85916.0,87317.0,199.46475732
2025-03-28 00:00:00+00:00,87317.0,87578.0,83755.0,84573.0,1228.26860439
2025-03-29 00:00:00+00:00,84577.0,84779.0,81853.0,82865.0,543.31050052
2025-03-30 00:00:00+00:00,82866.0,83697.0,81754.0,82553.0,764.90318106
2025-03-31 00:00:00+00:00,82552.0,83998.0,81423.0,82673.0,773.52919409
2025-04-01 00:00:00+00:00,82667.0,85535.0,82568.0,85197.0,469.96367597
2025-04-02 00:00:00+00:00,85196.0,88490.0,82335.0,82518.0,643.20828344
2025-04-03 00:00:00+00:00,82517.0,83891.0,81227.0,83208.0,698.84005284
2025-04-04 00:00:00+00:00,83227.0,84695.0,81634.0,83842.0,754.06223404
2025-04-05 00:00:00+00:00,83862.0,84219.0,82421.0,83598.0,495.96517115
2025-04-06 00:00:00+00:00,83599.0,83807.0,77133.0,78441.0,1332.60504275
2025-04-07 00:00:00+00:00,78459.0,81262.0,74501.0,79249.0,2299.69070257
2025-04-08 00:00:00+00:00,79182.0,80901.0,76260.0,76332.0,762.3592373500001
2025-04-09 00:00:00+00:00,76333.0,83582.0,74634.0,82542.0,1875.84659407
2025-04-10 00:00:00+00:00,82566.0,82699.0,78448.0,79519.0,812.53271171
2025-04-11 00:00:00+00:00,79505.0,84232.0,78888.0,83372.0,430.90674271
2025-04-12 00:00:00+00:00,83372.0,85865.0,82761.0,85259.0,185.16863404
2025-04-13 00:00:00+00:00,85259.0,86029.0,83000.0,83676.0,292.07711055
2025-04-14 00:00:00+00:00,83717.0,85727.0,83658.0,84544.0,177.05549045
2025-04-15 00:00:00+00:00,84547.0,86446.0,83604.0,83667.0,216.31963632
2025-04-16 00:00:00+00:00,83649.0,85500.0,83111.0,84021.0,342.3801384
2025-04-17 00:00:00+00:00,84005.0,85382.0,83650.0,84832.0,651.31801479
2025-04-18 00:00:00+00:00,84834.0,85009.0,84200.0,84363.0,533.75619102
2025-04-19 00:00:00+00:00,84377.0,85522.0,84311.0,84899.0,345.5741623
2025-04-20 00:00:00+00:00,84931.0,85187.0,83817.0,85019.0,281.07032227
2025-04-21 00:00:00+00:00,85003.0,88630.0,84940.0,87473.0,917.41503838
2025-04-22 00:00:00+00:00,87473.0,93911.0,87038.0,93339.0,1042.01809841
2025-04-23 00:00:00+00:00,93339.0,94569.0,91919.0,93635.0,1294.61614193
2025-04-24 00:00:00+00:00,93635.0,94000.0,91756.0,93961.0,342.50360334
2025-04-25 00:00:00+00:00,93961.0,95814.0,92921.0,94707.0,714.35439887
2025-04-26 00:00:00+00:00,94687.0,95228.0,94083.0,94694.0,307.77368066
2025-04-27 00:00:00+00:00,94693.0,95369.0,93724.0,93784.0,396.71583982
2025-04-28 00:00:00+00:00,93771.0,95550.0,93033.0,95046.0,1339.51827212
2025-04-29 00:00:00+00:00,95077.0,95531.0,94012.0,94451.0,504.32694571
2025-04-30 00:00:00+00:00,94426.0,95285.0,93436.0,94309.0,1143.92900941
2025-05-01 00:00:00+00:00,94301.0,97474.0,94294.0,96467.0,528.52554
2025-05-02 00:00:00+00:00,96491.0,97915.0,96381.0,96888.0,362.81159158
2025-05-03 00:00:00+00:00,96894.0,96945.0,96065.0,96065.0,1056.68281546
2025-05-04 00:00:00+00:00,96065.0,96439.0,94703.0,94703.0,2933.81094817
2025-05-05 00:00:00+00:00,94703.0,95407.0,93988.0,94990.0,2409.54549247
2025-05-06 00:00:00+00:00,94970.0,96999.0,93663.0,96933.0,613.032506
2025-05-07 00:00:00+00:00,96970.0,97840.0,95944.0,97121.0,459.39578071
2025-05-08 00:00:00+00:00,97145.0,104190.0,96980.0,103290.0,1285.53708704
2025-05-09 00:00:00+00:00,103270.0,104340.0,102330.0,102940.0,789.80602978
2025-05-10 00:00:00+00:00,102940.0,104920.0,102800.0,104750.0,684.45330144
2025-05-11 00:00:00+00:00,104740.0,104880.0,103310.0,104090.0,671.51454714
2025-05-12 00:00:00+00:00,104080.0,105660.0,100810.0,102860.0,756.73173338
2025-05-13 00:00:00+00:00,102860.0,104980.0,101500.0,104140.0,371.31147003
2025-05-14 00:00:00+00:00,104120.0,104300.0,102510.0,103550.0,206.80217287
2025-05-15 00:00:00+00:00,103520.0,104180.0,101430.0,103700.0,348.91994422
2025-05-16 00:00:00+00:00,103710.0,104510.0,103100.0,103450.0,187.52484374
2025-05-17 00:00:00+00:00,103450.0,103670.0,102630.0,103140.0,176.85389255
2025-05-18 00:00:00+00:00,103150.0,106590.0,103150.0,106430.0,510.77228452
2025-05-19 00:00:00+00:00,106440.0,107070.0,102010.0,105470.0,663.54290783
2025-05-20 00:00:00+00:00,105500.0,107230.0,104120.0,106730.0,718.57506783
2025-05-21 00:00:00+00:00,106740.0,110690.0,106020.0,109640.0,888.92246026
2025-05-22 00:00:00+00:00,109620.0,111880.0,109220.0,111640.0,790.62498358
2025-05-23 00:00:00+00:00,111630.0,111690.0,106710.0,107230.0,922.43022617
2025-05-24 00:00:00+00:00,107200.0,109420.0,106750.0,107540.0,858.2248786
2025-05-25 00:00:00+00:00,107540.0,109180.0,106400.0,108860.0,429.87320812
2025-05-26 00:00:00+00:00,108890.0,110400.0,108550.0,109390.0,802.67306004
2025-05-27 00:00:00+00:00,109400.0,110700.0,107510.0,108850.0,719.66398692
2025-05-28 00:00:00+00:00,108850.0,109200.0,106750.0,107760.0,738.95550676
2025-05-29 00:00:00+00:00,107760.0,108870.0,105300.0,105590.0,960.44840925
2025-05-30 00:00:00+00:00,105590.0,106260.0,103460.0,104030.0,472.72397266
2025-05-31 00:00:00+00:00,104000.0,104950.0,103110.0,104660.0,188.02175566
2025-06-01 00:00:00+00:00,104640.0,105870.0,103790.0,105630.0,138.06297293
2025-06-02 00:00:00+00:00,105670.0,105990.0,103670.0,105880.0,338.79018089
2025-06-03 00:00:00+00:00,105870.0,106800.0,104880.0,105400.0,322.78170409
2025-06-04 00:00:00+00:00,105370.0,105940.0,104250.0,104580.0,216.53757853
2025-06-05 00:00:00+00:00,104590.0,105860.0,100520.0,101680.0,1926.06558351
2025-06-06 00:00:00+00:00,101680.0,105400.0,101270.0,104450.0,567.67625369
2025-06-07 00:00:00+00:00,104460.0,106000.0,104020.0,105680.0,110.96045283
2025-06-08 00:00:00+00:00,105680.0,106550.0,105040.0,105830.0,106.10470832
2025-06-09 00:00:00+00:00,105800.0,110680.0,105440.0,110290.0,353.83652788
2025-06-10 00:00:00+00:00,110300.0,110320.0,108310.0,110180.0,300.92089026
2025-06-11 00:00:00+00:00,110160.0,110270.0,108010.0,108610.0,386.13760116
2025-06-12 00:00:00+00:00,108590.0,108740.0,105700.0,105700.0,313.6550621
2025-06-13 00:00:00+00:00,105690.0,106250.0,102660.0,106090.0,650.48323392
2025-06-14 00:00:00+00:00,106110.0,106200.0,104480.0,105600.0,341.10813119
2025-06-15 00:00:00+00:00,105610.0,106260.0,104710.0,105740.0,357.33807348
2025-06-16 00:00:00+00:00,105740.0,109030.0,105190.0,106830.0,291.38575936
2025-06-17 00:00:00+00:00,106870.0,107780.0,103460.0,104760.0,773.64243456
2025-06-18 00:00:00+00:00,104770.0,105660.0,103630.0,105050.0,1061.64242791
2025-06-19 00:00:00+00:00,105060.0,105340.0,104080.0,104780.0,478.11690487
2025-06-20 00:00:00+00:00,104790.0,106580.0,102490.0,103360.0,730.6362345699999
2025-06-21 00:00:00+00:00,103370.0,104120.0,101020.0,102220.0,743.93906353
2025-06-22 00:00:00+00:00,102250.0,103470.0,98579.0,101200.0,2156.29572064
2025-06-23 00:00:00+00:00,101170.0,106210.0,99830.0,105540.0,1029.21993322
2025-06-24 00:00:00+00:00,105520.0,106340.0,104810.0,106110.0,198.72479427
2025-06-25 00:00:00+00:00,106120.0,108130.0,105920.0,107340.0,158.63704085
2025-06-26 00:00:00+00:00,107330.0,108250.0,106520.0,106950.0,134.45862456
2025-06-27 00:00:00+00:00,106950.0,107750.0,106370.0,107100.0,153.94791631
2025-06-28 00:00:00+00:00,107080.0,107550.0,106890.0,107340.0,116.23759873
2025-06-29 00:00:00+00:00,107330.0,108590.0,107220.0,108370.0,80.39572079
2025-06-30 00:00:00+00:00,108380.0,108790.0,106950.0,107250.0,609.8084626
2025-07-01 00:00:00+00:00,107250.0,107620.0,105460.0,105920.0,1318.75157768
2025-07-02 00:00:00+00:00,105910.0,109900.0,105270.0,108980.0,331.60448401
2025-07-03 00:00:00+00:00,108990.0,110700.0,108710.0,109760.0,161.73398868
2025-07-04 00:00:00+00:00,109760.0,109910.0,107470.0,108200.0,194.02205783
2025-07-05 00:00:00+00:00,108180.0,108540.0,107920.0,108330.0,42.01992647
2025-07-06 00:00:00+00:00,108340.0,109860.0,107980.0,109380.0,153.55499491
2025-07-07 00:00:00+00:00,109360.0,109830.0,107700.0,108420.0,155.38674544
2025-07-08 00:00:00+00:00,108400.0,109340.0,107630.0,109060.0,196.2908031
2025-07-09 00:00:00+00:00,109070.0,111990.0,108480.0,111380.0,400.4438921
2025-07-10 00:00:00+00:00,111420.0,117430.0,110670.0,115950.0,1635.12007966
2025-07-11 00:00:00+00:00,115960.0,118790.0,115230.0,117400.0,397.47350947
2025-07-12 00:00:00+00:00,117430.0,118070.0,116720.0,117280.0,60.07957665
2025-07-13 00:00:00+00:00,117300.0,119310.0,117120.0,118940.0,227.51836887
2025-07-14 00:00:00+00:00,118950.0,123120.0,118790.0,119820.0,463.98830107
2025-07-15 00:00:00+00:00,119820.0,119920.0,115820.0,117830.0,646.00236464
2025-07-16 00:00:00+00:00,117870.0,120110.0,117160.0,118690.0,221.41876744
2025-07-17 00:00:00+00:00,118690.0,121050.0,117500.0,119250.0,399.82305426
2025-07-18 00:00:00+00:00,119250.0,120920.0,116930.0,118000.0,241.58644474
2025-07-19 00:00:00+00:00,118010.0,118480.0,117300.0,117900.0,54.22763298
2025-07-20 00:00:00+00:00,117890.0,118800.0,116410.0,117240.0,164.06592344
2025-07-21 00:00:00+00:00,117230.0,119630.0,116550.0,117460.0,255.64322145
2025-07-22 00:00:00+00:00,117420.0,120250.0,116150.0,119970.0,331.11782209
2025-07-23 00:00:00+00:00,119990.0,120110.0,117460.0,118900.0,474.35824921
2025-07-24 00:00:00+00:00,118870.0,119590.0,117250.0,118380.0,215.09832018
2025-07-25 00:00:00+00:00,118420.0,118520.0,114800.0,117700.0,367.83181332
2025-07-26 00:00:00+00:00,117690.0,118430.0,117260.0,118030.0,93.97829936
2025-07-27 00:00:00+00:00,118030.0,119870.0,117960.0,119580.0,177.70950671
2025-07-28 00:00:00+00:00,119590.0,119900.0,117630.0,118200.0,288.26892134
2025-07-29 00:00:00+00:00,118200.0,119410.0,117120.0,118110.0,398.46952812
2025-07-30 00:00:00+00:00,118120.0,118930.0,116050.0,118050.0,453.60632846
2025-07-31 00:00:00+00:00,118040.0,119100.0,115720.0,115970.0,463.17881044
2025-08-01 00:00:00+00:00,115940.0,116270.0,112830.0,113460.0,878.57217887
2025-08-02 00:00:00+00:00,113450.0,114260.0,112240.0,112810.0,472.43962554
2025-08-03 00:00:00+00:00,112790.0,114980.0,112210.0,114450.0,564.82380925
2025-08-04 00:00:00+00:00,114390.0,115810.0,114270.0,115200.0,382.71559578
2025-08-05 00:00:00+00:00,115190.0,115220.0,112720.0,114180.0,478.80322706
2025-08-06 00:00:00+00:00,114190.0,115870.0,113470.0,115160.0,501.19650458
2025-08-07 00:00:00+00:00,115160.0,117800.0,114470.0,117580.0,324.12651121
2025-08-08 00:00:00+00:00,117590.0,117900.0,116040.0,116790.0,757.57112783
2025-08-09 00:00:00+00:00,116790.0,117950.0,116470.0,116550.0,85.47011321
2025-08-10 00:00:00+00:00,116550.0,119430.0,116530.0,119370.0,214.16424865
2025-08-11 00:00:00+00:00,119370.0,122370.0,118200.0,118850.0,341.03395641
2025-08-12 00:00:00+00:00,118820.0,120280.0,118290.0,120080.0,215.98277831
2025-08-13 00:00:00+00:00,120090.0,123380.0,118890.0,123320.0,617.04304449
2025-08-14 00:00:00+00:00,123320.0,123640.0,117190.0,118410.0,401.12646167
2025-08-15 00:00:00+00:00,118440.0,119360.0,116990.0,117520.0,272.60800106
2025-08-16 00:00:00+00:00,117490.0,118070.0,117380.0,117590.0,86.046419
2025-08-17 00:00:00+00:00,117580.0,118680.0,117390.0,117540.0,129.66128734
2025-08-18 00:00:00+00:00,117530.0,117640.0,114890.0,116400.0,715.45685898
2025-08-19 00:00:00+00:00,116430.0,116920.0,113000.0,113030.0,1608.43041812
2025-08-20 00:00:00+00:00,113030.0,114890.0,112650.0,114500.0,727.0895188
2025-08-21 00:00:00+00:00,114520.0,115020.0,112310.0,112740.0,789.63988637
2025-08-22 00:00:00+00:00,112750.0,117570.0,111990.0,117000.0,794.83625778
2025-08-23 00:00:00+00:00,117050.0,117150.0,114790.0,115570.0,161.23171044
2025-08-24 00:00:00+00:00,115530.0,115810.0,111200.0,113700.0,465.73421955
2025-08-25 00:00:00+00:00,113730.0,113880.0,109550.0,110360.0,920.32201015
2025-08-26 00:00:00+00:00,110370.0,112570.0,108910.0,112000.0,540.67007791
2025-08-27 00:00:00+00:00,112010.0,112850.0,110600.0,111470.0,399.34537166
2025-08-28 00:00:00+00:00,111450.0,113630.0,111120.0,112740.0,253.69555983
2025-08-29 00:00:00+00:00,112740.0,112790.0,107650.0,108530.0,630.06817338
2025-08-30 00:00:00+00:00,108550.0,109120.0,107540.0,109000.0,506.65351772
2025-08-31 00:00:00+00:00,109000.0,109680.0,108240.0,108420.0,388.76183569
2025-09-01 00:00:00+00:00,108430.0,110010.0,107370.0,109410.0,472.92195272
2025-09-02 00:00:00+00:00,109420.0,111930.0,108630.0,111360.0,428.52351066
2025-09-03 00:00:00+00:00,111370.0,112720.0,110750.0,111890.0,105.55013909
2025-09-04 00:00:00+00:00,111900.0,112330.0,109510.0,110910.0,205.42266519
2025-09-05 00:00:00+00:00,110910.0,113520.0,110410.0,110640.0,284.74292091
2025-09-06 00:00:00+00:00,110620.0,111190.0,110220.0,110270.0,869.94618017
2025-09-07 00:00:00+00:00,110240.0,111610.0,110230.0,111220.0,212.18076093
2025-09-08 00:00:00+00:00,111220.0,112840.0,110740.0,112050.0,169.63104896
2025-09-09 00:00:00+00:00,112060.0,113200.0,110740.0,111540.0,162.82896133
2025-09-10 00:00:00+00:00,111530.0,114290.0,111170.0,113900.0,439.86769507
2025-09-11 00:00:00+00:00,113900.0,115400.0,113420.0,115400.0,202.26080687
2025-09-12 00:00:00+00:00,115400.0,116610.0,114690.0,116030.0,153.48455932
2025-09-13 00:00:00+00:00,116010.0,116200.0,115060.0,115910.0,95.96815342000001
2025-09-14 00:00:00+00:00,115900.0,116130.0,115220.0,115530.0,355.9815452
2025-09-15 00:00:00+00:00,115510.0,116970.0,114620.0,115580.0,526.51727934
2025-09-16 00:00:00+00:00,115560.0,117120.0,114910.0,116840.0,262.97308255
2025-09-17 00:00:00+00:00,116870.0,117360.0,114880.0,116500.0,173.91613577
2025-09-18 00:00:00+00:00,116480.0,118000.0,116210.0,117090.0,176.77537007
2025-09-19 00:00:00+00:00,117080.0,117470.0,115370.0,115830.0,605.62283156
2025-09-20 00:00:00+00:00,115840.0,116300.0,115620.0,115840.0,21.43412309
2025-09-21 00:00:00+00:00,115850.0,115970.0,115440.0,115460.0,184.49470597
2025-09-22 00:00:00+00:00,115450.0,115550.0,111760.0,112810.0,1195.99111875
2025-09-23 00:00:00+00:00,112800.0,113490.0,111710.0,112250.0,581.43142436
2025-09-24 00:00:00+00:00,112250.0,114210.0,111250.0,113520.0,337.95221748
2025-09-25 00:00:00+00:00,113540.0,113710.0,108880.0,109180.0,1072.18573382
2025-09-26 00:00:00+00:00,109160.0,110520.0,108930.0,109930.0,1312.800956
2025-09-27 00:00:00+00:00,109930.0,110010.0,109390.0,109940.0,869.43643662
2025-09-28 00:00:00+00:00,109950.0,112620.0,109500.0,112370.0,930.48352054
2025-09-29 00:00:00+00:00,112420.0,114640.0,111850.0,114580.0,450.96419043000003
2025-09-30 00:00:00+00:00,114580.0,114990.0,112880.0,114020.0,498.61336933
2025-10-01 00:00:00+00:00,114030.0,118810.0,113950.0,118630.0,843.81674139
2025-10-02 00:00:00+00:00,118730.0,121090.0,118390.0,120570.0,584.05684211
2025-10-03 00:00:00+00:00,120530.0,123890.0,119340.0,122160.0,733.1147045
2025-10-04 00:00:00+00:00,122180.0,122760.0,121560.0,122360.0,257.51300959
2025-10-05 00:00:00+00:00,122360.0,125710.0,122130.0,123480.0,910.44153711
2025-10-06 00:00:00+00:00,123490.0,126110.0,123170.0,124680.0,877.86758561
2025-10-07 00:00:00+00:00,124680.0,125070.0,120660.0,121450.0,646.73959614
2025-10-08 00:00:00+00:00,121440.0,124220.0,121270.0,123410.0,429.05848651
2025-10-09 00:00:00+00:00,123410.0,123760.0,119600.0,121760.0,556.74651141
2025-10-10 00:00:00+00:00,121760.0,122670.0,103310.0,113080.0,2484.09297306
2025-10-11 00:00:00+00:00,113020.0,113720.0,109830.0,110980.0,1383.64433508
2025-10-12 00:00:00+00:00,110990.0,116000.0,109910.0,115230.0,1193.55275139
2025-10-13 00:00:00+00:00,115200.0,116130.0,113890.0,115390.0,1107.52561845
2025-10-14 00:00:00+00:00,115390.0,115630.0,110160.0,113260.0,2414.62840282
2025-10-15 00:00:00+00:00,113260.0,113830.0,110410.0,110920.0,1008.24907479
2025-10-16 00:00:00+00:00,110950.0,112150.0,107700.0,108420.0,1671.45357537
2025-10-17 00:00:00+00:00,108380.0,109480.0,103790.0,106700.0,1750.49819905
2025-10-18 00:00:00+00:00,106700.0,107720.0,106660.0,107440.0,663.48057611
2025-10-19 00:00:00+00:00,107410.0,109680.0,106370.0,108840.0,960.98414934
2025-10-20 00:00:00+00:00,108840.0,111870.0,107680.0,110760.0,865.29352725
2025-10-21 00:00:00+00:00,110760.0,114150.0,107700.0,108540.0,1375.71950763
2025-10-22 00:00:00+00:00,108530.0,109140.0,106760.0,107720.0,1351.46151494
2025-10-23 00:00:00+00:00,107670.0,111270.0,107570.0,110210.0,758.69179793
2025-10-24 00:00:00+00:00,110160.0,112000.0,109780.0,111160.0,725.96853287
2025-10-25 00:00:00+00:00,111120.0,111960.0,110810.0,111650.0,145.47802649
2025-10-26 00:00:00+00:00,111620.0,115390.0,111260.0,114500.0,452.5500983
2025-10-27 00:00:00+00:00,114520.0,116500.0,113800.0,114150.0,373.2633955
2025-10-28 00:00:00+00:00,114120.0,116000.0,112300.0,113000.0,552.35663375
2025-10-29 00:00:00+00:00,112980.0,113770.0,109370.0,110260.0,1056.52794469
2025-10-30 00:00:00+00:00,110250.0,111720.0,106510.0,108500.0,2024.71867292
2025-10-31 00:00:00+00:00,108490.0,111270.0,108480.0,109820.0,1026.47182642
2025-11-01 00:00:00+00:00,109820.0,110750.0,109600.0,110290.0,539.14154698
2025-11-02 00:00:00+00:00,110270.0,111420.0,109650.0,110710.0,236.22821921
2025-11-03 00:00:00+00:00,110670.0,110850.0,105460.0,106760.0,1892.43585167
2025-11-04 00:00:00+00:00,106770.0,107460.0,99045.0,101560.0,2298.60862889
2025-11-05 00:00:00+00:00,101560.0,104580.0,99129.0,103940.0,822.67460755
2025-11-06 00:00:00+00:00,103940.0,104300.0,100450.0,101450.0,999.72533947
2025-11-07 00:00:00+00:00,101400.0,104100.0,99459.0,103360.0,1495.08938197
2025-11-08 00:00:00+00:00,103370.0,103390.0,101610.0,102480.0,679.58382429
2025-11-09 00:00:00+00:00,102480.0,105500.0,101600.0,104780.0,674.36890396
2025-11-10 00:00:00+00:00,104760.0,106610.0,104360.0,106010.0,594.81588011
2025-11-11 00:00:00+00:00,106020.0,107500.0,102650.0,103190.0,979.93959621
2025-11-12 00:00:00+00:00,103230.0,105370.0,100870.0,101740.0,1185.36049057
2025-11-13 00:00:00+00:00,101720.0,104000.0,98050.0,99839.0,1659.53916043
2025-11-14 00:00:00+00:00,99777.0,99920.0,94469.0,94844.0,4798.99554862
2025-11-15 00:00:00+00:00,94788.0,96930.0,94788.0,95672.0,505.14512412
2025-11-16 00:00:00+00:00,95677.0,96711.0,93673.0,94600.0,2546.96329918
2025-11-17 00:00:00+00:00,94601.0,96219.0,91762.0,92541.0,3377.45253144
2025-11-18 00:00:00+00:00,92532.0,93989.0,89409.0,93193.0,3192.11957366
2025-11-19 00:00:00+00:00,93153.0,93186.0,88888.0,91648.0,2956.20850725
2025-11-20 00:00:00+00:00,91623.0,93125.0,86260.0,86821.0,2056.6747375
2025-11-21 00:00:00+00:00,86791.0,87650.0,80822.0,85314.0,2977.64747983
2025-11-22 00:00:00+00:00,85328.0,85766.0,83680.0,84889.0,488.18394366
2025-11-23 00:00:00+00:00,84890.0,88290.0,84835.0,87008.0,1409.93016267
2025-11-24 00:00:00+00:00,87013.0,89349.0,85500.0,88471.0,1398.07043147
2025-11-25 00:00:00+00:00,88467.0,88628.0,86243.0,87514.0,886.44839033
2025-11-26 00:00:00+00:00,87518.0,90684.0,86500.0,90585.0,965.62515745
2025-11-27 00:00:00+00:00,90584.0,91990.0,90188.0,91385.0,373.50513837
2025-11-28 00:00:00+00:00,91446.0,93116.0,90255.0,91022.0,605.5115567
2025-11-29 00:00:00+00:00,91023.0,91250.0,90317.0,90934.0,55.19750037
2025-11-30 00:00:00+00:00,90899.0,92000.0,90413.0,90413.0,164.48141891
2025-12-01 00:00:00+00:00,90406.0,90459.0,84000.0,86447.0,1943.49909055
2025-12-02 00:00:00+00:00,86444.0,92340.0,86333.0,91380.0,991.08927975
2025-12-03 00:00:00+00:00,91370.0,94449.0,91075.0,93457.0,959.26475152
2025-12-04 00:00:00+00:00,93468.0,94100.0,91000.0,92101.0,508.04242282
2025-12-05 00:00:00+00:00,92120.0,92744.0,88136.0,89379.0,449.11517794
2025-12-06 00:00:00+00:00,89372.0,90290.0,89000.0,89280.0,151.20594691
2025-12-07 00:00:00+00:00,89273.0,91783.0,87878.0,90473.0,648.62589142
2025-12-08 00:00:00+00:00,90433.0,92283.0,89694.0,90668.0,510.61600192
2025-12-09 00:00:00+00:00,90670.0,94665.0,89563.0,92753.0,992.41620455
2025-12-10 00:00:00+00:00,92752.0,94470.0,91632.0,92023.0,600.87956328
2025-12-11 00:00:00+00:00,92069.0,93519.0,89245.0,92515.0,738.48313297
2025-12-12 00:00:00+00:00,92542.0,92755.0,89585.0,90302.0,315.09605461
2025-12-13 00:00:00+00:00,90325.0,90671.0,89886.0,90327.0,47.63382665
2025-12-14 00:00:00+00:00,90321.0,90530.0,87660.0,88181.0,314.87490849
2025-12-15 00:00:00+00:00,88197.0,90011.0,85288.0,86535.0,857.3813026400001
2025-12-16 00:00:00+00:00,86551.0,88262.0,85382.0,87950.0,449.37590441
2025-12-17 00:00:00+00:00,87892.0,90427.0,85438.0,86396.0,1964.62916818
2025-12-18 00:00:00+00:00,86395.0,89550.0,84562.0,85670.0,2220.40574924
2025-12-19 00:00:00+00:00,85664.0,89500.0,85254.0,88241.0,1642.77932911
2025-12-20 00:00:00+00:00,88253.0,88692.0,87920.0,88456.0,451.83440676
2025-12-21 00:00:00+00:00,88463.0,89172.0,87714.0,88726.0,615.81472189
2025-12-22 00:00:00+00:00,88745.0,90606.0,87950.0,88655.0,1459.23560145
2025-12-23 00:00:00+00:00,88653.0,88989.0,86644.0,87503.0,1287.56947151
2025-12-24 00:00:00+00:00,87497.0,88094.0,86408.0,87692.0,1003.10460499
2025-12-25 00:00:00+00:00,87706.0,88615.0,87000.0,87256.0,420.63221407
2025-12-26 00:00:00+00:00,87260.0,89568.0,86686.0,87456.0,1388.9839864
2025-12-27 00:00:00+00:00,87459.0,88080.0,87333.0,87960.0,262.79656944
2025-12-28 00:00:00+00:00,87960.0,88174.0,87529.0,88013.0,306.28111002
2025-12-29 00:00:00+00:00,88025.0,90401.0,86860.0,87228.0,1426.13703462
2025-12-30 00:00:00+00:00,87223.0,89444.0,86821.0,88524.0,1276.50774218
2025-12-31 00:00:00+00:00,88524.0,89243.0,87298.0,87720.0,718.78230704
2026-01-01 00:00:00+00:00,87722.0,88946.0,87589.0,88876.0,299.8938288
2026-01-02 00:00:00+00:00,88898.0,90949.0,88408.0,90006.0,1048.60754445
2026-01-03 00:00:00+00:00,89993.0,90688.0,89316.0,90595.0,474.05299601
2026-01-04 00:00:00+00:00,90593.0,91756.0,90593.0,91456.0,961.48615265
2026-01-05 00:00:00+00:00,91463.0,94665.0,91419.0,93756.0,1457.35273629
2026-01-06 00:00:00+00:00,93756.0,94308.0,91164.0,93632.0,1836.21631075
2026-01-07 00:00:00+00:00,93591.0,93598.0,90625.0,91340.0,1045.71040335
2026-01-08 00:00:00+00:00,91345.0,91677.0,89280.0,91064.0,777.98863597
2026-01-09 00:00:00+00:00,91085.0,92000.0,89679.0,90626.0,837.10770514
2026-01-10 00:00:00+00:00,90615.0,90833.0,90386.0,90525.0,111.4785686
2026-01-11 00:00:00+00:00,90529.0,91263.0,90225.0,90984.0,250.63901321
2026-01-12 00:00:00+00:00,90987.0,92493.0,90079.0,91236.0,1122.68204873
2026-01-13 00:00:00+00:00,91236.0,96450.0,90980.0,95259.0,2031.00904
2026-01-14 00:00:00+00:00,95259.0,97850.0,94387.0,96805.0,2574.45909162
2026-01-15 00:00:00+00:00,96791.0,97120.0,95054.0,95509.0,1770.08501896
2026-01-16 00:00:00+00:00,95535.0,95772.0,94199.0,95477.0,1223.32517506
2026-01-17 00:00:00+00:00,95511.0,95714.0,94952.0,95111.0,440.03664357
2026-01-18 00:00:00+00:00,95092.0,95524.0,93592.0,93651.0,658.52880672
2026-01-19 00:00:00+00:00,93641.0,93662.0,91900.0,92596.0,1215.84969635
2026-01-20 00:00:00+00:00,92584.0,92857.0,87783.0,88431.0,1562.66040153
2026-01-21 00:00:00+00:00,88407.0,90601.0,87298.0,89496.0,1834.31631625
2026-01-22 00:00:00+00:00,89472.0,90395.0,88525.0,89580.0,1165.17281759
2026-01-23 00:00:00+00:00,89574.0,91205.0,88595.0,89618.0,1733.80651587
2026-01-24 00:00:00+00:00,89629.0,89966.0,89154.0,89182.0,853.99705976
2026-01-25 00:00:00+00:00,89194.0,89298.0,86045.0,86653.0,1783.30952566
2026-01-26 00:00:00+00:00,86649.0,88902.0,86500.0,88451.0,1630.89855544
2026-01-27 00:00:00+00:00,88473.0,89582.0,87364.0,89242.0,1143.09403563
2026-01-28 00:00:00+00:00,89262.0,90600.0,88832.0,89296.0,949.04424372
2026-01-29 00:00:00+00:00,89304.0,89343.0,83276.0,84666.0,2376.11904734
2026-01-30 00:00:00+00:00,84655.0,84759.0,81151.0,84231.0,2292.92864318
2026-01-31 00:00:00+00:00,84239.0,84243.0,75731.0,78802.0,1951.45124331
2026-02-01 00:00:00+00:00,78812.0,79503.0,75735.0,77011.0,2474.33293737
2026-02-02 00:00:00+00:00,77029.0,79450.0,75063.0,78856.0,4275.01066881
2026-02-03 00:00:00+00:00,78846.0,79285.0,73060.0,75874.0,2484.78058037
2026-02-04 00:00:00+00:00,75857.0,77078.0,72126.0,73281.0,2996.53188848
2026-02-05 00:00:00+00:00,73268.0,73443.0,62339.0,62990.0,4245.82269428
2026-02-06 00:00:00+00:00,62990.0,71822.0,60100.0,70659.0,3537.1318678
2026-02-07 00:00:00+00:00,70647.0,71768.0,67367.0,69348.0,1962.79358542
2026-02-08 00:00:00+00:00,69365.0,72300.0,68954.0,70394.0,1504.27662605
2026-02-09 00:00:00+00:00,70362.0,71494.0,68312.0,70173.0,2631.50407495
2026-02-10 00:00:00+00:00,70187.0,70565.0,67952.0,68906.0,1889.67072083
2026-02-11 00:00:00+00:00,68896.0,69357.0,65822.0,67154.0,2172.16898633
2026-02-12 00:00:00+00:00,67164.0,68458.0,65211.0,66364.0,2092.4877978
2026-02-13 00:00:00+00:00,66354.0,69550.0,65959.0,68872.0,1758.03524461
2026-02-14 00:00:00+00:00,68890.0,70590.0,68744.0,69852.0,1344.52054853
2026-02-15 00:00:00+00:00,69843.0,71032.0,68119.0,68880.0,1562.63990276
2026-02-16 00:00:00+00:00,68868.0,70222.0,67346.0,68961.0,1766.81756024
2026-02-17 00:00:00+00:00,68977.0,69334.0,66702.0,67579.0,1618.92310706
2026-02-18 00:00:00+00:00,67570.0,68561.0,65937.0,66554.0,2619.52380552
2026-02-19 00:00:00+00:00,66547.0,67402.0,65683.0,67089.0,2517.26510755
2026-02-20 00:00:00+00:00,67070.0,68390.0,66512.0,68070.0,3018.7259113
2026-02-21 00:00:00+00:00,68076.0,68762.0,67598.0,68009.0,1122.88129321
2026-02-22 00:00:00+00:00,68020.0,68277.0,67248.0,67710.0,1266.46200321
2026-02-23 00:00:00+00:00,67712.0,67750.0,63954.0,64730.0,5526.96567279
2026-02-24 00:00:00+00:00,64740.0,65094.0,62550.0,64136.0,4818.5660366
2026-02-25 00:00:00+00:00,64136.0,70171.0,63990.0,68079.0,6511.55716347
2026-02-26 00:00:00+00:00,68060.0,68949.0,66580.0,67558.0,4450.62139611
2026-02-27 00:00:00+00:00,67546.0,68300.0,65000.0,65944.0,3900.58553485
2026-02-28 00:00:00+00:00,65942.0,67812.0,63100.0,67037.0,5525.83589724
2026-03-01 00:00:00+00:00,67034.0,68264.0,65069.0,65800.0,3873.07822593
2026-03-02 00:00:00+00:00,65810.0,70141.0,65307.0,68855.0,5919.9882572
2026-03-03 00:00:00+00:00,68864.0,69290.0,66167.0,68352.0,3884.4678091
2026-03-04 00:00:00+00:00,68352.0,74047.0,67415.0,72668.0,5536.41175689
2026-03-05 00:00:00+00:00,72700.0,73592.0,70613.0,70865.0,4314.73601922
2026-03-06 00:00:00+00:00,70887.0,71413.0,67737.0,68099.0,2538.0660307
2026-03-07 00:00:00+00:00,68094.0,68629.0,66925.0,67241.0,1010.49161373
2026-03-08 00:00:00+00:00,67242.0,68198.0,65588.0,65993.0,1657.77276895
2026-03-09 00:00:00+00:00,65981.0,69550.0,65833.0,68455.0,2302.06109951
2026-03-10 00:00:00+00:00,68454.0,71814.0,68416.0,69959.0,2210.92010467
2026-03-11 00:00:00+00:00,69967.0,71345.0,68990.0,70228.0,1394.40400312
2026-03-12 00:00:00+00:00,70231.0,70823.0,69175.0,70519.0,1411.15543931
2026-03-13 00:00:00+00:00,70519.0,73909.0,70380.0,70898.0,2392.91863095
2026-03-14 00:00:00+00:00,70895.0,71294.0,70345.0,71211.0,748.06457229
2026-03-15 00:00:00+00:00,71199.0,73200.0,70853.0,72798.0,1133.33236602
2026-03-16 00:00:00+00:00,72823.0,74911.0,72268.0,74871.0,2400.9079805
2026-03-17 00:00:00+00:00,74842.0,76000.0,73394.0,73884.0,1515.80718144
2026-03-18 00:00:00+00:00,73886.0,74662.0,70488.0,71238.0,1314.34737474
2026-03-19 00:00:00+00:00,71237.0,71612.0,68731.0,69940.0,1476.0965876
2026-03-20 00:00:00+00:00,69927.0,71379.0,69402.0,70537.0,1376.25327628
2026-03-21 00:00:00+00:00,70551.0,71092.0,68468.0,68916.0,677.56494494
2026-03-22 00:00:00+00:00,68891.0,69608.0,67363.0,67877.0,1527.51361513
2026-03-23 00:00:00+00:00,67900.0,71843.0,67459.0,70911.0,2455.69901299
2026-03-24 00:00:00+00:00,70911.0,71400.0,68910.0,70564.0,1504.22312813
2026-03-25 00:00:00+00:00,70562.0,71477.0,70390.0,71312.0,486.79210503
2026-03-26 00:00:00+00:00,71312.0,71415.0,68131.0,68822.0,1693.28994776
2026-03-27 00:00:00+00:00,68815.0,69167.0,65530.0,66445.0,2255.07711139
2026-03-28 00:00:00+00:00,66393.0,67285.0,65916.0,66364.0,1011.89677669
2026-03-29 00:00:00+00:00,66365.0,67125.0,64989.0,66015.0,1337.17520815
2026-03-30 00:00:00+00:00,66016.0,68160.0,65786.0,66770.0,2136.61365734
2026-03-31 00:00:00+00:00,66774.0,68562.0,65949.0,68249.0,1743.66409633
2026-04-01 00:00:00+00:00,68247.0,69291.0,67561.0,68047.0,974.07164629
2026-04-02 00:00:00+00:00,68055.0,68625.0,65688.0,66879.0,1073.44738045
2026-04-03 00:00:00+00:00,66897.0,67349.0,66241.0,66934.0,589.4980514
2026-04-04 00:00:00+00:00,66918.0,67543.0,66746.0,67310.0,428.00247797
2026-04-05 00:00:00+00:00,67310.0,69140.0,66600.0,68990.0,639.34287134
2026-04-06 00:00:00+00:00,68991.0,70327.0,68270.0,68824.0,1035.9698898
2026-04-07 00:00:00+00:00,68824.0,72789.0,67706.0,71877.0,1371.96528627
2026-04-08 00:00:00+00:00,71880.0,72843.0,70670.0,71060.0,1103.46117311
2026-04-09 00:00:00+00:00,71074.0,73120.0,70434.0,71769.0,901.75633664
2026-04-10 00:00:00+00:00,71780.0,73510.0,71391.0,72951.0,838.74515322
2026-04-11 00:00:00+00:00,72948.0,73800.0,72521.0,73042.0,573.75485269
2026-04-12 00:00:00+00:00,73029.0,73140.0,70478.0,70707.0,674.51180446
2026-04-13 00:00:00+00:00,70708.0,74900.0,70527.0,74377.0,1581.66683918
2026-04-14 00:00:00+00:00,74433.0,76051.0,73804.0,74123.0,1929.46867877
2026-04-15 00:00:00+00:00,74122.0,75414.0,73500.0,74813.0,1366.8888834
2026-04-16 00:00:00+00:00,74813.0,75522.0,73300.0,75142.0,1102.17034484
2026-04-17 00:00:00+00:00,75141.0,78328.0,74524.0,77067.0,1474.31878693
2026-04-18 00:00:00+00:00,77079.0,77407.0,75432.0,75686.0,703.39100166
2026-04-19 00:00:00+00:00,75682.0,76248.0,73755.0,73798.0,900.86469368
2026-04-20 00:00:00+00:00,73813.0,76621.0,73715.0,75842.0,1414.55417662
2026-04-21 00:00:00+00:00,75841.0,76978.0,74800.0,76329.0,1097.4529353
2026-04-22 00:00:00+00:00,76329.0,79480.0,76134.0,78197.0,1411.29373288
2026-04-23 00:00:00+00:00,78193.0,78738.0,77021.0,78304.0,1089.26525053
2026-04-24 00:00:00+00:00,78312.0,78621.0,77274.0,77452.0,1046.29837419
2026-04-25 00:00:00+00:00,77438.0,77888.0,77143.0,77614.0,410.64322453
2026-04-26 00:00:00+00:00,77614.0,78982.0,77314.0,78694.0,1096.0182834299999
2026-04-27 00:00:00+00:00,78695.0,79528.0,76501.0,77407.0,1415.57573737
2026-04-28 00:00:00+00:00,77412.0,77522.0,75679.0,76396.0,978.1502194
2026-04-29 00:00:00+00:00,76393.0,77933.0,74958.0,75782.0,1162.77421587
2026-04-30 00:00:00+00:00,75786.0,76691.0,75311.0,76346.0,1007.8900947
2026-05-01 00:00:00+00:00,76334.0,78941.0,76318.0,78207.0,1285.80712007
2026-05-02 00:00:00+00:00,78203.0,79200.0,77974.0,78629.0,567.09450034
2026-05-03 00:00:00+00:00,78664.0,79420.0,78041.0,78566.0,689.08919371
2026-05-04 00:00:00+00:00,78550.0,80756.0,78169.0,79823.0,1980.06734658
2026-05-05 00:00:00+00:00,79810.0,81738.0,79763.0,80843.0,1018.85295193
2026-05-06 00:00:00+00:00,80848.0,82818.0,80663.0,81378.0,1017.66463838
2026-05-07 00:00:00+00:00,81370.0,81652.0,79450.0,79975.0,913.05267656
2026-05-08 00:00:00+00:00,80007.0,80492.0,79145.0,80170.0,979.70630354
2026-05-09 00:00:00+00:00,80183.0,81050.0,80102.0,80634.0,597.85442888
2026-05-10 00:00:00+00:00,80633.0,82433.0,80237.0,82154.0,861.34961806
2026-05-11 00:00:00+00:00,82155.0,82328.0,80400.0,81685.0,969.29072374
2026-05-12 00:00:00+00:00,81688.0,81731.0,79813.0,80457.0,1170.42328445
2026-05-13 00:00:00+00:00,80460.0,81285.0,78708.0,79288.0,833.45999099
2026-05-14 00:00:00+00:00,79286.0,82010.0,78867.0,81059.0,1132.80490405
2026-05-15 00:00:00+00:00,81059.0,81619.0,78570.0,79062.0,775.82678755
2026-05-16 00:00:00+00:00,79068.0,79183.0,77598.0,78105.0,525.65224745
2026-05-17 00:00:00+00:00,78122.0,78624.0,76602.0,77427.0,504.47250943
2026-05-18 00:00:00+00:00,77407.0,77780.0,76031.0,77025.0,1098.27791086
2026-05-19 00:00:00+00:00,77025.0,77440.0,76126.0,76873.0,1045.38065574
2026-05-20 00:00:00+00:00,76862.0,77877.0,76551.0,77630.0,1862.88431839
2026-05-21 00:00:00+00:00,77604.0,78243.0,76743.0,77520.0,1309.29567154
2026-05-22 00:00:00+00:00,77579.0,77914.0,75363.0,75546.0,1407.35218599
2026-05-23 00:00:00+00:00,75546.0,77448.0,74027.0,76797.0,1571.76730039
2026-05-24 00:00:00+00:00,76819.0,77604.0,76173.0,77141.0,1163.60072318
2026-05-25 00:00:00+00:00,77159.0,77960.0,76963.0,77381.0,1163.15597418
2026-05-26 00:00:00+00:00,77404.0,78129.0,75676.0,75961.0,1977.25453383
2026-05-27 00:00:00+00:00,75960.0,76168.0,74211.0,74490.0,1549.49465128
2026-05-28 00:00:00+00:00,74437.0,74581.0,72528.0,73604.0,2253.57826438
2026-05-29 00:00:00+00:00,73602.0,74380.0,72487.0,73474.0,1605.64518944
2026-05-30 00:00:00+00:00,73488.0,74180.0,73199.0,73922.0,854.76595374
2026-05-31 00:00:00+00:00,73928.0,74315.0,73416.0,73731.0,975.33595133
2026-06-01 00:00:00+00:00,73730.0,74130.0,70675.0,71399.0,2158.31961018
2026-06-02 00:00:00+00:00,71399.0,71406.0,66142.0,66698.0,3823.93952813
2026-06-03 00:00:00+00:00,66726.0,67459.0,64003.0,64081.0,3167.88987383
2026-06-04 00:00:00+00:00,64052.0,64689.0,61311.0,63839.0,4103.48561714
2026-06-05 00:00:00+00:00,63831.0,63950.0,61096.0,62576.0,1362.33988464
