auto_candidate,relation,fib_level,timeframe,horizon,n_events,mean_forward_return,mean_mfe,mean_mae,rate_close_on_approach_side,rate_crossed_back,mean_pre_bars_approaching_level,mean_pre_distance_atr_norm,mean_pre_approach_choppiness,mean_at_wick_through_level,mean_at_close_distance_atr_norm,mean_post_bars_on_break_side,mean_post_retest_count,mean_post_remained_near_level_rate
continuation_candidate,above,0.236,4h,10,19,-0.023497,0.073534,0.021433,0.2632,0.7895,13.315789,1.885769,50.309496,4.382027,0.349081,29.473684,7.631579,0.086316
continuation_candidate,above,0.236,4h,20,19,-0.014763,0.097351,0.039244,0.5789,0.8947,13.315789,1.885769,50.309496,4.382027,0.349081,29.473684,7.631579,0.086316
continuation_candidate,above,0.236,4h,5,19,-0.037625,0.058116,0.01349,0.0,0.7368,13.315789,1.885769,50.309496,4.382027,0.349081,29.473684,7.631579,0.086316
continuation_candidate,above,0.236,4h,50,19,-0.030906,0.131702,0.072069,0.3684,0.8947,13.315789,1.885769,50.309496,4.382027,0.349081,29.473684,7.631579,0.086316
continuation_candidate,above,0.382,4h,10,22,-0.063338,0.116637,0.024563,0.2273,0.6818,13.454545,1.899783,10.005871,6.820739,0.338827,37.318182,9.409091,0.113636
continuation_candidate,above,0.382,4h,20,22,-0.0349,0.127066,0.028845,0.2727,0.7273,13.454545,1.899783,10.005871,6.820739,0.338827,37.318182,9.409091,0.113636
continuation_candidate,above,0.382,4h,5,22,-0.044416,0.068065,0.020127,0.0,0.5909,13.454545,1.899783,10.005871,6.820739,0.338827,37.318182,9.409091,0.113636
continuation_candidate,above,0.382,4h,50,22,-0.064042,0.166978,0.049438,0.2273,0.7727,13.454545,1.899783,10.005871,6.820739,0.338827,37.318182,9.409091,0.113636
continuation_candidate,above,0.5,4h,10,19,-0.072331,0.114207,0.014132,0.1053,0.7895,15.894737,2.384353,9.177583,6.008184,0.497405,43.263158,7.210526,0.089474
continuation_candidate,above,0.5,4h,20,19,-0.065275,0.136141,0.018005,0.2105,0.7895,15.894737,2.384353,9.177583,6.008184,0.497405,43.263158,7.210526,0.089474
continuation_candidate,above,0.5,4h,5,19,-0.046393,0.070008,0.010756,0.0,0.6316,15.894737,2.384353,9.177583,6.008184,0.497405,43.263158,7.210526,0.089474
continuation_candidate,above,0.5,4h,50,19,-0.115513,0.209873,0.025464,0.0526,0.7895,15.894737,2.384353,9.177583,6.008184,0.497405,43.263158,7.210526,0.089474
continuation_candidate,above,0.618,4h,10,18,-0.043027,0.07974,0.01663,0.1667,0.5556,13.444444,1.492573,11.870171,6.050312,0.378983,35.777778,7.944444,0.104444
continuation_candidate,above,0.618,4h,20,18,-0.046904,0.099015,0.022279,0.3333,0.7222,13.444444,1.492573,11.870171,6.050312,0.378983,35.777778,7.944444,0.104444
continuation_candidate,above,0.618,4h,5,18,-0.045876,0.062495,0.013666,0.0,0.5556,13.444444,1.492573,11.870171,6.050312,0.378983,35.777778,7.944444,0.104444
continuation_candidate,above,0.618,4h,50,18,-0.03778,0.142792,0.0615,0.3333,0.8889,13.444444,1.492573,11.870171,6.050312,0.378983,35.777778,7.944444,0.104444
continuation_candidate,above,0.786,4h,10,16,-0.060667,0.091973,0.015352,0.3125,0.75,13.3125,1.809149,8.094532,5.425166,0.577062,36.6875,8.625,0.10375
continuation_candidate,above,0.786,4h,20,16,-0.059064,0.122102,0.021331,0.25,0.75,13.3125,1.809149,8.094532,5.425166,0.577062,36.6875,8.625,0.10375
continuation_candidate,above,0.786,4h,5,16,-0.044734,0.06086,0.012822,0.0,0.6875,13.3125,1.809149,8.094532,5.425166,0.577062,36.6875,8.625,0.10375
continuation_candidate,above,0.786,4h,50,16,-0.063355,0.147849,0.039543,0.3125,0.875,13.3125,1.809149,8.094532,5.425166,0.577062,36.6875,8.625,0.10375
continuation_candidate,above,1,4h,10,15,-0.064134,0.122372,0.012714,0.1333,0.7333,11.333333,2.303232,6.970349,5.986667,0.336244,40.333333,7.533333,0.081333
continuation_candidate,above,1,4h,20,15,-0.084474,0.152492,0.016534,0.2,0.8,11.333333,2.303232,6.970349,5.986667,0.336244,40.333333,7.533333,0.081333
continuation_candidate,above,1,4h,5,15,-0.062506,0.091264,0.012462,0.0,0.7333,11.333333,2.303232,6.970349,5.986667,0.336244,40.333333,7.533333,0.081333
continuation_candidate,above,1,4h,50,15,-0.096188,0.222208,0.037591,0.2667,0.8,11.333333,2.303232,6.970349,5.986667,0.336244,40.333333,7.533333,0.081333
continuation_candidate,below,0.236,4h,10,33,0.028988,0.069723,0.022187,0.2424,0.7879,13.636364,2.195885,8.036728,4.459928,0.446854,31.151515,6.242424,0.06
continuation_candidate,below,0.236,4h,20,33,0.019599,0.08778,0.046246,0.4242,0.8485,13.636364,2.195885,8.036728,4.459928,0.446854,31.151515,6.242424,0.06
continuation_candidate,below,0.236,4h,5,33,0.037692,0.0528,0.013342,0.0,0.7273,13.636364,2.195885,8.036728,4.459928,0.446854,31.151515,6.242424,0.06
continuation_candidate,below,0.236,4h,50,33,0.022038,0.123335,0.066263,0.5455,0.8788,13.636364,2.195885,8.036728,4.459928,0.446854,31.151515,6.242424,0.06
continuation_candidate,below,0.382,4h,10,30,0.040658,0.069097,0.014219,0.1667,0.6333,16.066667,2.17904,24.111796,4.281275,0.335256,35.3,7.833333,0.081333
continuation_candidate,below,0.382,4h,20,30,0.041835,0.103959,0.033041,0.3667,0.7333,16.066667,2.17904,24.111796,4.281275,0.335256,35.3,7.833333,0.081333
continuation_candidate,below,0.382,4h,5,30,0.036973,0.04965,0.011688,0.0,0.5,16.066667,2.17904,24.111796,4.281275,0.335256,35.3,7.833333,0.081333
continuation_candidate,below,0.382,4h,50,30,0.046039,0.14794,0.059592,0.3667,0.8,16.066667,2.17904,24.111796,4.281275,0.335256,35.3,7.833333,0.081333
continuation_candidate,below,0.5,4h,10,17,0.04516,0.086304,0.019307,0.1765,0.7647,16.529412,1.961394,9.269958,5.2975,0.559138,30.058824,6.941176,0.055294
continuation_candidate,below,0.5,4h,20,17,0.041876,0.107399,0.043359,0.3529,0.9412,16.529412,1.961394,9.269958,5.2975,0.559138,30.058824,6.941176,0.055294
continuation_candidate,below,0.5,4h,5,17,0.043276,0.062633,0.01466,0.0,0.6471,16.529412,1.961394,9.269958,5.2975,0.559138,30.058824,6.941176,0.055294
continuation_candidate,below,0.5,4h,50,17,0.053978,0.145929,0.062923,0.4706,0.9412,16.529412,1.961394,9.269958,5.2975,0.559138,30.058824,6.941176,0.055294
continuation_candidate,below,0.618,4h,10,21,0.042674,0.075708,0.017362,0.1905,0.7619,14.714286,2.834661,4.631956,4.504737,0.326249,28.380952,7.619048,0.084762
continuation_candidate,below,0.618,4h,20,21,0.048186,0.110868,0.031186,0.2857,0.9048,14.714286,2.834661,4.631956,4.504737,0.326249,28.380952,7.619048,0.084762
continuation_candidate,below,0.618,4h,5,21,0.041912,0.054859,0.011589,0.0,0.619,14.714286,2.834661,4.631956,4.504737,0.326249,28.380952,7.619048,0.084762
continuation_candidate,below,0.618,4h,50,21,-0.001836,0.144066,0.079046,0.6667,0.9524,14.714286,2.834661,4.631956,4.504737,0.326249,28.380952,7.619048,0.084762
continuation_candidate,below,0.786,4h,10,18,0.065202,0.108463,0.016955,0.1111,0.6111,14.333333,2.943723,3.91384,7.274385,0.411817,35.888889,7.111111,0.07
continuation_candidate,below,0.786,4h,20,18,0.077814,0.14168,0.032607,0.2222,0.7778,14.333333,2.943723,3.91384,7.274385,0.411817,35.888889,7.111111,0.07
continuation_candidate,below,0.786,4h,5,18,0.057697,0.072085,0.009909,0.0,0.5556,14.333333,2.943723,3.91384,7.274385,0.411817,35.888889,7.111111,0.07
continuation_candidate,below,0.786,4h,50,18,0.04905,0.174575,0.059709,0.4444,0.7778,14.333333,2.943723,3.91384,7.274385,0.411817,35.888889,7.111111,0.07
continuation_candidate,below,1,4h,10,23,0.039267,0.069254,0.014624,0.1739,0.913,15.478261,2.378235,7.368267,5.429565,0.424768,31.565217,9.26087,0.106957
continuation_candidate,below,1,4h,20,23,0.035682,0.087835,0.022238,0.3913,0.9565,15.478261,2.378235,7.368267,5.429565,0.424768,31.565217,9.26087,0.106957
continuation_candidate,below,1,4h,5,23,0.040123,0.054915,0.013996,0.0,0.913,15.478261,2.378235,7.368267,5.429565,0.424768,31.565217,9.26087,0.106957
continuation_candidate,below,1,4h,50,23,0.019932,0.119182,0.06137,0.3913,1.0,15.478261,2.378235,7.368267,5.429565,0.424768,31.565217,9.26087,0.106957
continuation_candidate,cross,0.236,4h,10,226,0.005448,0.068542,0.026198,0.2257,0.469,15.606195,2.242548,14.246489,6.170296,0.517439,35.349558,7.345133,0.084425
continuation_candidate,cross,0.236,4h,20,226,0.004147,0.088516,0.044195,0.3363,0.6372,15.606195,2.242548,14.246489,6.170296,0.517439,35.349558,7.345133,0.084425
continuation_candidate,cross,0.236,4h,5,226,0.00404,0.049315,0.017684,0.0,0.3009,15.606195,2.242548,14.246489,6.170296,0.517439,35.349558,7.345133,0.084425
continuation_candidate,cross,0.236,4h,50,226,0.009612,0.126779,0.075494,0.3363,0.7478,15.606195,2.242548,14.246489,6.170296,0.517439,35.349558,7.345133,0.084425
continuation_candidate,cross,0.382,4h,10,188,0.001291,0.077398,0.027532,0.2128,0.4415,16.87234,2.063342,18.389576,6.41651,0.507659,36.632979,6.255319,0.066702
continuation_candidate,cross,0.382,4h,20,188,0.00153,0.100743,0.043144,0.2926,0.6011,16.87234,2.063342,18.389576,6.41651,0.507659,36.632979,6.255319,0.066702
continuation_candidate,cross,0.382,4h,5,188,-0.000172,0.052404,0.017503,0.0,0.266,16.87234,2.063342,18.389576,6.41651,0.507659,36.632979,6.255319,0.066702
continuation_candidate,cross,0.382,4h,50,188,-0.003174,0.145774,0.069178,0.3032,0.7234,16.87234,2.063342,18.389576,6.41651,0.507659,36.632979,6.255319,0.066702
continuation_candidate,cross,0.5,4h,10,187,0.005576,0.076445,0.024375,0.1658,0.4011,16.149733,2.148459,21.362889,6.151743,0.526896,37.470588,6.566845,0.070374
continuation_candidate,cross,0.5,4h,20,187,0.003669,0.099956,0.039716,0.246,0.5775,16.149733,2.148459,21.362889,6.151743,0.526896,37.470588,6.566845,0.070374
continuation_candidate,cross,0.5,4h,5,187,0.00214,0.051654,0.01765,0.0,0.2674,16.149733,2.148459,21.362889,6.151743,0.526896,37.470588,6.566845,0.070374
continuation_candidate,cross,0.5,4h,50,187,0.005254,0.142721,0.07322,0.3316,0.7112,16.149733,2.148459,21.362889,6.151743,0.526896,37.470588,6.566845,0.070374
continuation_candidate,cross,0.618,4h,10,186,-0.000699,0.080319,0.025243,0.2043,0.4624,15.870968,2.033887,20.767587,6.087842,0.49849,37.451613,6.274194,0.069462
continuation_candidate,cross,0.618,4h,20,186,-0.006962,0.100368,0.039973,0.2634,0.5968,15.870968,2.033887,20.767587,6.087842,0.49849,37.451613,6.274194,0.069462
continuation_candidate,cross,0.618,4h,5,186,0.000736,0.053297,0.017286,0.0,0.2634,15.870968,2.033887,20.767587,6.087842,0.49849,37.451613,6.274194,0.069462
continuation_candidate,cross,0.618,4h,50,186,-0.013588,0.150704,0.067033,0.3118,0.7204,15.870968,2.033887,20.767587,6.087842,0.49849,37.451613,6.274194,0.069462
continuation_candidate,cross,0.786,4h,10,201,0.000879,0.073736,0.023864,0.1642,0.4328,15.885572,1.995958,24.349926,6.069572,0.555972,36.542289,6.074627,0.064975
continuation_candidate,cross,0.786,4h,20,201,9.7e-05,0.095985,0.039947,0.2985,0.5821,15.885572,1.995958,24.349926,6.069572,0.555972,36.542289,6.074627,0.064975
continuation_candidate,cross,0.786,4h,5,201,-0.001658,0.051069,0.017169,0.0,0.2587,15.885572,1.995958,24.349926,6.069572,0.555972,36.542289,6.074627,0.064975
continuation_candidate,cross,0.786,4h,50,201,-0.001469,0.133807,0.066477,0.3433,0.7114,15.885572,1.995958,24.349926,6.069572,0.555972,36.542289,6.074627,0.064975
continuation_candidate,cross,1,4h,10,171,0.000552,0.078517,0.030642,0.1813,0.4678,16.175439,2.318392,9.109712,6.187556,0.539328,36.982456,6.672515,0.073333
continuation_candidate,cross,1,4h,20,171,0.000387,0.099366,0.04477,0.2807,0.5848,16.175439,2.318392,9.109712,6.187556,0.539328,36.982456,6.672515,0.073333
continuation_candidate,cross,1,4h,5,171,0.002441,0.053094,0.020351,0.0,0.3041,16.175439,2.318392,9.109712,6.187556,0.539328,36.982456,6.672515,0.073333
continuation_candidate,cross,1,4h,50,171,-0.004916,0.146167,0.074833,0.3216,0.7018,16.175439,2.318392,9.109712,6.187556,0.539328,36.982456,6.672515,0.073333
continuation_candidate,touch,0.236,4h,10,144,-0.006084,0.083329,0.019907,0.2361,0.7083,15.229167,2.091837,28.793418,5.096226,0.308811,35.159722,7.875,0.087222
continuation_candidate,touch,0.236,4h,20,144,-0.003292,0.107282,0.031247,0.3194,0.7708,15.229167,2.091837,28.793418,5.096226,0.308811,35.159722,7.875,0.087222
continuation_candidate,touch,0.236,4h,5,144,-0.007769,0.060891,0.01352,0.0,0.6181,15.229167,2.091837,28.793418,5.096226,0.308811,35.159722,7.875,0.087222
continuation_candidate,touch,0.236,4h,50,144,-0.001019,0.14982,0.058935,0.3542,0.8681,15.229167,2.091837,28.793418,5.096226,0.308811,35.159722,7.875,0.087222
continuation_candidate,touch,0.382,4h,10,131,-0.001433,0.089236,0.017981,0.1756,0.6412,14.877863,2.35416,18.325255,5.508843,0.291957,36.641221,8.320611,0.088244
continuation_candidate,touch,0.382,4h,20,131,-0.007052,0.11492,0.024975,0.2595,0.6947,14.877863,2.35416,18.325255,5.508843,0.291957,36.641221,8.320611,0.088244
continuation_candidate,touch,0.382,4h,5,131,-0.002937,0.066376,0.013193,0.0,0.5573,14.877863,2.35416,18.325255,5.508843,0.291957,36.641221,8.320611,0.088244
continuation_candidate,touch,0.382,4h,50,131,0.001267,0.155732,0.054717,0.3359,0.8397,14.877863,2.35416,18.325255,5.508843,0.291957,36.641221,8.320611,0.088244
continuation_candidate,touch,0.5,4h,10,131,-0.002759,0.087412,0.019952,0.2366,0.6641,15.19084,2.264812,10.167184,6.137607,0.274739,34.755725,8.351145,0.095573
continuation_candidate,touch,0.5,4h,20,131,0.001302,0.105853,0.033788,0.3893,0.7939,15.19084,2.264812,10.167184,6.137607,0.274739,34.755725,8.351145,0.095573
continuation_candidate,touch,0.5,4h,5,131,-0.004306,0.062521,0.012661,0.0,0.5573,15.19084,2.264812,10.167184,6.137607,0.274739,34.755725,8.351145,0.095573
continuation_candidate,touch,0.5,4h,50,131,-0.005882,0.147832,0.064853,0.374,0.8855,15.19084,2.264812,10.167184,6.137607,0.274739,34.755725,8.351145,0.095573
continuation_candidate,touch,0.618,4h,10,146,0.00806,0.085791,0.021007,0.2671,0.6849,15.006849,2.068774,15.338184,5.271106,0.290975,34.678082,8.479452,0.090137
continuation_candidate,touch,0.618,4h,20,146,0.012187,0.107794,0.032143,0.3356,0.8014,15.006849,2.068774,15.338184,5.271106,0.290975,34.678082,8.479452,0.090137
continuation_candidate,touch,0.618,4h,5,146,0.005286,0.066044,0.012488,0.0,0.5548,15.006849,2.068774,15.338184,5.271106,0.290975,34.678082,8.479452,0.090137
continuation_candidate,touch,0.618,4h,50,146,0.019184,0.150391,0.061791,0.3356,0.8767,15.006849,2.068774,15.338184,5.271106,0.290975,34.678082,8.479452,0.090137
continuation_candidate,touch,0.786,4h,10,126,6.6e-05,0.092469,0.020858,0.2619,0.6508,14.952381,2.287782,24.857487,5.447373,0.319295,33.746032,7.579365,0.082381
continuation_candidate,touch,0.786,4h,20,126,-0.000662,0.111389,0.033694,0.3095,0.7778,14.952381,2.287782,24.857487,5.447373,0.319295,33.746032,7.579365,0.082381
continuation_candidate,touch,0.786,4h,5,126,0.001201,0.067997,0.012996,0.0,0.5556,14.952381,2.287782,24.857487,5.447373,0.319295,33.746032,7.579365,0.082381
continuation_candidate,touch,0.786,4h,50,126,0.008898,0.148012,0.067226,0.4048,0.8492,14.952381,2.287782,24.857487,5.447373,0.319295,33.746032,7.579365,0.082381
continuation_candidate,touch,1,4h,10,102,0.005142,0.085018,0.021318,0.2059,0.6569,15.637255,2.027494,17.219517,5.644824,0.336449,34.882353,8.980392,0.104074
continuation_candidate,touch,1,4h,20,102,0.005114,0.107828,0.031543,0.3333,0.7549,15.637255,2.027494,17.219517,5.644824,0.336449,34.882353,8.980392,0.104074
continuation_candidate,touch,1,4h,5,102,-0.000939,0.060965,0.015131,0.0,0.6176,15.637255,2.027494,17.219517,5.644824,0.336449,34.882353,8.980392,0.104074
continuation_candidate,touch,1,4h,50,102,0.004636,0.147817,0.062221,0.3529,0.902,15.637255,2.027494,17.219517,5.644824,0.336449,34.882353,8.980392,0.104074
failure_candidate,above,0.236,4h,10,3,0.003474,0.037249,0.06704,0.6667,1.0,17.666667,0.666763,53.131864,5.950547,0.399552,26,6,0.106667
failure_candidate,above,0.236,4h,20,3,0.034291,0.093051,0.084124,0.6667,1.0,17.666667,0.666763,53.131864,5.950547,0.399552,26,6,0.106667
failure_candidate,above,0.236,4h,5,3,0.006217,0.014999,0.064894,1.0,1.0,17.666667,0.666763,53.131864,5.950547,0.399552,26,6,0.106667
failure_candidate,above,0.236,4h,50,3,0.001433,0.2359,0.18274,0.3333,1.0,17.666667,0.666763,53.131864,5.950547,0.399552,26,6,0.106667
failure_candidate,above,0.382,4h,10,5,0.004027,0.023506,0.03841,0.8,1.0,11.2,2.786075,3.829126,7.397196,0.48107,17.4,10.4,0.116
failure_candidate,above,0.382,4h,20,5,0.013262,0.063457,0.072472,0.8,1.0,11.2,2.786075,3.829126,7.397196,0.48107,17.4,10.4,0.116
failure_candidate,above,0.382,4h,5,5,0.000605,0.009164,0.037136,1.0,1.0,11.2,2.786075,3.829126,7.397196,0.48107,17.4,10.4,0.116
failure_candidate,above,0.382,4h,50,5,-0.034733,0.083582,0.108767,0.6,1.0,11.2,2.786075,3.829126,7.397196,0.48107,17.4,10.4,0.116
failure_candidate,above,0.5,4h,10,5,0.032899,0.046162,0.039647,0.8,1.0,14.6,1.830141,17.496021,5.662,0.352295,7,8,0.112
failure_candidate,above,0.5,4h,20,5,0.052113,0.07743,0.046149,0.6,1.0,14.6,1.830141,17.496021,5.662,0.352295,7,8,0.112
failure_candidate,above,0.5,4h,5,5,-0.004277,0.018762,0.038077,1.0,1.0,14.6,1.830141,17.496021,5.662,0.352295,7,8,0.112
failure_candidate,above,0.5,4h,50,5,0.115971,0.173626,0.046149,0.8,1.0,14.6,1.830141,17.496021,5.662,0.352295,7,8,0.112
failure_candidate,above,0.618,4h,10,7,0.001111,0.031069,0.046493,0.5714,1.0,12.142857,2.257918,5.296378,5.398161,0.546532,16.857143,10.142857,0.102857
failure_candidate,above,0.618,4h,20,7,0.031828,0.066695,0.054528,0.7143,1.0,12.142857,2.257918,5.296378,5.398161,0.546532,16.857143,10.142857,0.102857
failure_candidate,above,0.618,4h,5,7,0.000397,0.014877,0.041418,1.0,1.0,12.142857,2.257918,5.296378,5.398161,0.546532,16.857143,10.142857,0.102857
failure_candidate,above,0.618,4h,50,7,-0.000912,0.097453,0.100709,0.7143,1.0,12.142857,2.257918,5.296378,5.398161,0.546532,16.857143,10.142857,0.102857
failure_candidate,above,0.786,4h,10,4,-0.009099,0.019834,0.03903,0.5,1.0,17.5,1.604506,7.870748,4.152105,0.453631,22.75,7.25,0.06
failure_candidate,above,0.786,4h,20,4,0.016198,0.050318,0.046686,0.5,1.0,17.5,1.604506,7.870748,4.152105,0.453631,22.75,7.25,0.06
failure_candidate,above,0.786,4h,5,4,0.000724,0.010224,0.030612,1.0,1.0,17.5,1.604506,7.870748,4.152105,0.453631,22.75,7.25,0.06
failure_candidate,above,0.786,4h,50,4,0.079094,0.129575,0.104878,0.75,1.0,17.5,1.604506,7.870748,4.152105,0.453631,22.75,7.25,0.06
failure_candidate,above,1,4h,10,3,-0.011137,0.019532,0.0411,0.3333,1.0,16.333333,2.299216,6.392066,6.773333,0.291252,26,12.666667,0.173333
failure_candidate,above,1,4h,20,3,0.010356,0.02857,0.051938,0.6667,1.0,16.333333,2.299216,6.392066,6.773333,0.291252,26,12.666667,0.173333
failure_candidate,above,1,4h,5,3,0.002586,0.010972,0.035236,1.0,1.0,16.333333,2.299216,6.392066,6.773333,0.291252,26,12.666667,0.173333
failure_candidate,above,1,4h,50,3,-0.031708,0.064487,0.134521,0.3333,1.0,16.333333,2.299216,6.392066,6.773333,0.291252,26,12.666667,0.173333
failure_candidate,below,0.236,4h,10,1,0.033245,0.006319,0.060314,0.0,1.0,20,4.099017,2.282386,1.49484,0.112633,14,10,0.1
failure_candidate,below,0.236,4h,20,1,-0.009119,0.024772,0.060314,1.0,1.0,20,4.099017,2.282386,1.49484,0.112633,14,10,0.1
failure_candidate,below,0.236,4h,5,1,-0.003734,0.006247,0.04143,1.0,1.0,20,4.099017,2.282386,1.49484,0.112633,14,10,0.1
failure_candidate,below,0.236,4h,50,1,-0.071947,0.117111,0.060314,1.0,1.0,20,4.099017,2.282386,1.49484,0.112633,14,10,0.1
failure_candidate,below,0.382,4h,10,2,0.012353,0.048353,0.04818,0.5,1.0,14,2.10022,4.100413,3.00162,0.10045,26.5,17.5,0.14
failure_candidate,below,0.382,4h,20,2,0.003808,0.048353,0.04818,0.5,1.0,14,2.10022,4.100413,3.00162,0.10045,26.5,17.5,0.14
failure_candidate,below,0.382,4h,5,2,-0.016088,0.033424,0.032685,1.0,1.0,14,2.10022,4.100413,3.00162,0.10045,26.5,17.5,0.14
failure_candidate,below,0.382,4h,50,2,-0.010322,0.072288,0.079767,0.5,1.0,14,2.10022,4.100413,3.00162,0.10045,26.5,17.5,0.14
failure_candidate,below,0.5,4h,10,3,-0.004852,0.023632,0.035298,0.6667,1.0,14,2.287557,6.684124,4.08,0.423487,20,13,0.133333
failure_candidate,below,0.5,4h,20,3,-0.028515,0.038669,0.038643,1.0,1.0,14,2.287557,6.684124,4.08,0.423487,20,13,0.133333
failure_candidate,below,0.5,4h,5,3,-0.008779,0.017156,0.035298,1.0,1.0,14,2.287557,6.684124,4.08,0.423487,20,13,0.133333
failure_candidate,below,0.5,4h,50,3,0.047793,0.091006,0.111654,0.3333,1.0,14,2.287557,6.684124,4.08,0.423487,20,13,0.133333
failure_candidate,below,0.618,4h,10,2,0.054307,0.037255,0.086275,0.5,1.0,20,2.180244,184.704838,8.36704,1.051846,13.5,5.5,0.08
failure_candidate,below,0.618,4h,20,2,0.018023,0.04567,0.095902,0.5,1.0,20,2.180244,184.704838,8.36704,1.051846,13.5,5.5,0.08
failure_candidate,below,0.618,4h,5,2,0.011048,0.007981,0.066884,1.0,1.0,20,2.180244,184.704838,8.36704,1.051846,13.5,5.5,0.08
failure_candidate,below,0.618,4h,50,2,-0.050523,0.065792,0.095902,1.0,1.0,20,2.180244,184.704838,8.36704,1.051846,13.5,5.5,0.08
failure_candidate,below,0.786,4h,10,5,-0.007674,0.037866,0.043203,0.8,1.0,14.8,1.894624,7.014424,4.841151,0.340229,11.6,9,0.092
failure_candidate,below,0.786,4h,20,5,-0.056927,0.106761,0.055744,0.8,1.0,14.8,1.894624,7.014424,4.841151,0.340229,11.6,9,0.092
failure_candidate,below,0.786,4h,5,5,0.004076,0.01811,0.038294,1.0,1.0,14.8,1.894624,7.014424,4.841151,0.340229,11.6,9,0.092
failure_candidate,below,0.786,4h,50,5,-0.04844,0.128033,0.074245,0.8,1.0,14.8,1.894624,7.014424,4.841151,0.340229,11.6,9,0.092
failure_candidate,below,1,4h,10,5,-0.018288,0.047334,0.042547,1.0,1.0,14.6,3.151463,5.027689,4.5498,0.713731,16.6,13.4,0.148
failure_candidate,below,1,4h,20,5,-0.041275,0.08902,0.044784,0.8,1.0,14.6,3.151463,5.027689,4.5498,0.713731,16.6,13.4,0.148
failure_candidate,below,1,4h,5,5,0.004173,0.010108,0.042547,1.0,1.0,14.6,3.151463,5.027689,4.5498,0.713731,16.6,13.4,0.148
failure_candidate,below,1,4h,50,5,0.026759,0.100576,0.079547,0.4,1.0,14.6,3.151463,5.027689,4.5498,0.713731,16.6,13.4,0.148
failure_candidate,cross,0.236,4h,10,92,0.00134,0.090477,0.024236,0.8261,0.7283,15.891304,2.145333,35.212331,5.150016,0.357876,13.706522,7,0.076087
failure_candidate,cross,0.236,4h,20,92,0.003323,0.114651,0.036187,0.75,0.7826,15.891304,2.145333,35.212331,5.150016,0.357876,13.706522,7,0.076087
failure_candidate,cross,0.236,4h,5,92,0.004095,0.059477,0.020653,1.0,0.663,15.891304,2.145333,35.212331,5.150016,0.357876,13.706522,7,0.076087
failure_candidate,cross,0.236,4h,50,92,0.003547,0.160689,0.062876,0.6848,0.8478,15.891304,2.145333,35.212331,5.150016,0.357876,13.706522,7,0.076087
failure_candidate,cross,0.382,4h,10,108,-0.00603,0.078123,0.020326,0.7963,0.7593,15.5,1.976182,17.693263,5.036804,0.392026,14.564815,8.166667,0.088333
failure_candidate,cross,0.382,4h,20,108,-0.011061,0.104155,0.031541,0.7407,0.8056,15.5,1.976182,17.693263,5.036804,0.392026,14.564815,8.166667,0.088333
failure_candidate,cross,0.382,4h,5,108,-0.005273,0.054792,0.015944,1.0,0.6667,15.5,1.976182,17.693263,5.036804,0.392026,14.564815,8.166667,0.088333
failure_candidate,cross,0.382,4h,50,108,-0.006102,0.156028,0.063333,0.6667,0.8889,15.5,1.976182,17.693263,5.036804,0.392026,14.564815,8.166667,0.088333
failure_candidate,cross,0.5,4h,10,80,-0.007537,0.08512,0.021501,0.8125,0.8875,15.425,2.183801,13.400781,5.305006,0.410124,14.425,8.15,0.098
failure_candidate,cross,0.5,4h,20,80,0.003095,0.110983,0.040713,0.7375,0.9125,15.425,2.183801,13.400781,5.305006,0.410124,14.425,8.15,0.098
failure_candidate,cross,0.5,4h,5,80,-0.010599,0.054114,0.019116,1.0,0.8125,15.425,2.183801,13.400781,5.305006,0.410124,14.425,8.15,0.098
failure_candidate,cross,0.5,4h,50,80,0.002705,0.155997,0.061055,0.7,0.925,15.425,2.183801,13.400781,5.305006,0.410124,14.425,8.15,0.098
failure_candidate,cross,0.618,4h,10,92,0.008201,0.085725,0.021569,0.8587,0.7174,14.402174,2.199701,14.82495,5.432528,0.406611,14.73913,7.478261,0.089565
failure_candidate,cross,0.618,4h,20,92,0.011147,0.113689,0.036949,0.6957,0.8152,14.402174,2.199701,14.82495,5.432528,0.406611,14.73913,7.478261,0.089565
failure_candidate,cross,0.618,4h,5,92,0.006745,0.059891,0.017929,1.0,0.663,14.402174,2.199701,14.82495,5.432528,0.406611,14.73913,7.478261,0.089565
failure_candidate,cross,0.618,4h,50,92,0.020825,0.169673,0.065355,0.6739,0.837,14.402174,2.199701,14.82495,5.432528,0.406611,14.73913,7.478261,0.089565
failure_candidate,cross,0.786,4h,10,90,-0.006803,0.081181,0.02831,0.6889,0.8222,15.411111,2.032794,21.456872,5.44103,0.383165,19.266667,7.622222,0.087556
failure_candidate,cross,0.786,4h,20,90,0.000424,0.107859,0.044489,0.6111,0.8667,15.411111,2.032794,21.456872,5.44103,0.383165,19.266667,7.622222,0.087556
failure_candidate,cross,0.786,4h,5,90,0.004096,0.05881,0.020361,1.0,0.7556,15.411111,2.032794,21.456872,5.44103,0.383165,19.266667,7.622222,0.087556
failure_candidate,cross,0.786,4h,50,90,0.009643,0.146361,0.073304,0.6222,0.9111,15.411111,2.032794,21.456872,5.44103,0.383165,19.266667,7.622222,0.087556
failure_candidate,cross,1,4h,10,97,0.000909,0.081135,0.021423,0.8247,0.7216,16.268041,2.239398,20.047258,5.741897,0.366453,14.742268,8.659794,0.094227
failure_candidate,cross,1,4h,20,97,-0.003571,0.104576,0.03857,0.7526,0.7835,16.268041,2.239398,20.047258,5.741897,0.366453,14.742268,8.659794,0.094227
failure_candidate,cross,1,4h,5,97,0.006123,0.054318,0.017786,1.0,0.6392,16.268041,2.239398,20.047258,5.741897,0.366453,14.742268,8.659794,0.094227
failure_candidate,cross,1,4h,50,97,0.015981,0.156295,0.076116,0.5567,0.8557,16.268041,2.239398,20.047258,5.741897,0.366453,14.742268,8.659794,0.094227
failure_candidate,touch,0.236,4h,10,28,-0.002267,0.045353,0.05592,0.5357,1.0,15.607143,2.197876,10.959367,5.931287,0.379915,18.285714,10.964286,0.126429
failure_candidate,touch,0.236,4h,20,28,0.002482,0.062943,0.06862,0.6429,1.0,15.607143,2.197876,10.959367,5.931287,0.379915,18.285714,10.964286,0.126429
failure_candidate,touch,0.236,4h,5,28,-0.000766,0.018717,0.048893,1.0,1.0,15.607143,2.197876,10.959367,5.931287,0.379915,18.285714,10.964286,0.126429
failure_candidate,touch,0.236,4h,50,28,-0.024964,0.114658,0.102268,0.75,1.0,15.607143,2.197876,10.959367,5.931287,0.379915,18.285714,10.964286,0.126429
failure_candidate,touch,0.382,4h,10,31,-0.002697,0.051376,0.04879,0.7097,1.0,16.548387,2.131751,43.885043,4.722904,0.289607,12.645161,7.419355,0.071613
failure_candidate,touch,0.382,4h,20,31,0.006554,0.082491,0.052097,0.8387,1.0,16.548387,2.131751,43.885043,4.722904,0.289607,12.645161,7.419355,0.071613
failure_candidate,touch,0.382,4h,5,31,-0.001077,0.023286,0.045438,1.0,1.0,16.548387,2.131751,43.885043,4.722904,0.289607,12.645161,7.419355,0.071613
failure_candidate,touch,0.382,4h,50,31,-0.003621,0.146587,0.069886,0.6452,1.0,16.548387,2.131751,43.885043,4.722904,0.289607,12.645161,7.419355,0.071613
failure_candidate,touch,0.5,4h,10,20,-0.008993,0.030864,0.045336,0.5,1.0,13.75,2.029501,12.144716,5.44925,0.320831,18.3,8.6,0.1
failure_candidate,touch,0.5,4h,20,20,-0.018419,0.065589,0.056477,0.7,1.0,13.75,2.029501,12.144716,5.44925,0.320831,18.3,8.6,0.1
failure_candidate,touch,0.5,4h,5,20,-0.003779,0.018135,0.035527,1.0,1.0,13.75,2.029501,12.144716,5.44925,0.320831,18.3,8.6,0.1
failure_candidate,touch,0.5,4h,50,20,-0.024186,0.098629,0.08042,0.75,1.0,13.75,2.029501,12.144716,5.44925,0.320831,18.3,8.6,0.1
failure_candidate,touch,0.618,4h,10,24,-0.01183,0.049117,0.045958,0.6667,1.0,15.666667,2.053887,16.276583,5.059481,0.335006,14.5,7.333333,0.07
failure_candidate,touch,0.618,4h,20,24,-0.005143,0.080428,0.0549,0.8333,1.0,15.666667,2.053887,16.276583,5.059481,0.335006,14.5,7.333333,0.07
failure_candidate,touch,0.618,4h,5,24,-0.001335,0.019212,0.039457,1.0,1.0,15.666667,2.053887,16.276583,5.059481,0.335006,14.5,7.333333,0.07
failure_candidate,touch,0.618,4h,50,24,0.032013,0.127524,0.079328,0.6667,1.0,15.666667,2.053887,16.276583,5.059481,0.335006,14.5,7.333333,0.07
failure_candidate,touch,0.786,4h,10,25,-0.005034,0.042144,0.056277,0.72,1.0,16.52,1.991563,18.476679,5.976795,0.384191,20.04,9.24,0.0968
failure_candidate,touch,0.786,4h,20,25,0.006688,0.060981,0.069356,0.72,1.0,16.52,1.991563,18.476679,5.976795,0.384191,20.04,9.24,0.0968
failure_candidate,touch,0.786,4h,5,25,-0.005322,0.019414,0.047085,1.0,1.0,16.52,1.991563,18.476679,5.976795,0.384191,20.04,9.24,0.0968
failure_candidate,touch,0.786,4h,50,25,0.008007,0.110144,0.12583,0.44,1.0,16.52,1.991563,18.476679,5.976795,0.384191,20.04,9.24,0.0968
failure_candidate,touch,1,4h,10,22,0.01648,0.053149,0.046796,0.6818,1.0,16.545455,1.794041,17.919301,6.456818,0.28634,16.954545,9.454545,0.1
failure_candidate,touch,1,4h,20,22,0.003472,0.073822,0.061606,0.7273,1.0,16.545455,1.794041,17.919301,6.456818,0.28634,16.954545,9.454545,0.1
failure_candidate,touch,1,4h,5,22,0.003352,0.028084,0.041674,1.0,1.0,16.545455,1.794041,17.919301,6.456818,0.28634,16.954545,9.454545,0.1
failure_candidate,touch,1,4h,50,22,-0.008814,0.126421,0.086491,0.5909,1.0,16.545455,1.794041,17.919301,6.456818,0.28634,16.954545,9.454545,0.1
reaction_candidate,above,0.236,4h,10,20,-0.035719,0.078365,0.078365,0.5,0.85,14.95,2.020512,10.707461,8.13428,0.835628,23.15,11,0.135
reaction_candidate,above,0.236,4h,20,20,-0.035494,0.098849,0.098849,0.35,0.95,14.95,2.020512,10.707461,8.13428,0.835628,23.15,11,0.135
reaction_candidate,above,0.236,4h,5,20,-0.015873,0.038696,0.038696,0.7,0.65,14.95,2.020512,10.707461,8.13428,0.835628,23.15,11,0.135
reaction_candidate,above,0.236,4h,50,20,0.003022,0.175607,0.175607,0.55,0.95,14.95,2.020512,10.707461,8.13428,0.835628,23.15,11,0.135
reaction_candidate,above,0.382,4h,10,14,0.006627,0.05017,0.05017,0.6429,0.7143,14.642857,2.151613,13.838389,6.646609,0.610238,18.714286,8.857143,0.117143
reaction_candidate,above,0.382,4h,20,14,-0.011176,0.091165,0.091165,0.5,0.8571,14.642857,2.151613,13.838389,6.646609,0.610238,18.714286,8.857143,0.117143
reaction_candidate,above,0.382,4h,5,14,-0.012427,0.04039,0.04039,0.7857,0.7143,14.642857,2.151613,13.838389,6.646609,0.610238,18.714286,8.857143,0.117143
reaction_candidate,above,0.382,4h,50,14,-0.030093,0.167431,0.167431,0.5714,0.9286,14.642857,2.151613,13.838389,6.646609,0.610238,18.714286,8.857143,0.117143
reaction_candidate,above,0.5,4h,10,19,-0.008366,0.065515,0.065515,0.5263,0.8947,13.105263,2.356515,7.999027,5.475079,0.595397,22,8.894737,0.102105
reaction_candidate,above,0.5,4h,20,19,-0.019456,0.091944,0.091944,0.5263,0.8947,13.105263,2.356515,7.999027,5.475079,0.595397,22,8.894737,0.102105
reaction_candidate,above,0.5,4h,5,19,-0.013167,0.036895,0.036895,0.4737,0.7895,13.105263,2.356515,7.999027,5.475079,0.595397,22,8.894737,0.102105
reaction_candidate,above,0.5,4h,50,19,-0.037782,0.146078,0.146078,0.4211,0.9474,13.105263,2.356515,7.999027,5.475079,0.595397,22,8.894737,0.102105
reaction_candidate,above,0.618,4h,10,17,-0.005558,0.067627,0.067627,0.7059,0.8235,17.529412,1.861103,15.520454,8.340561,0.805187,22.117647,6.764706,0.06
reaction_candidate,above,0.618,4h,20,17,-0.024951,0.107936,0.107936,0.4706,0.8824,17.529412,1.861103,15.520454,8.340561,0.805187,22.117647,6.764706,0.06
reaction_candidate,above,0.618,4h,5,17,-0.021494,0.049643,0.049643,0.5294,0.7059,17.529412,1.861103,15.520454,8.340561,0.805187,22.117647,6.764706,0.06
reaction_candidate,above,0.618,4h,50,17,-0.035402,0.176849,0.176849,0.5294,0.9412,17.529412,1.861103,15.520454,8.340561,0.805187,22.117647,6.764706,0.06
reaction_candidate,above,0.786,4h,10,13,-0.002425,0.074917,0.074917,0.7692,0.6923,15.538462,2.214776,7.136907,9.587173,0.92998,16.923077,5.846154,0.067692
reaction_candidate,above,0.786,4h,20,13,-0.009575,0.104408,0.104408,0.6154,0.7692,15.538462,2.214776,7.136907,9.587173,0.92998,16.923077,5.846154,0.067692
reaction_candidate,above,0.786,4h,5,13,-0.021746,0.053871,0.053871,0.6923,0.5385,15.538462,2.214776,7.136907,9.587173,0.92998,16.923077,5.846154,0.067692
reaction_candidate,above,0.786,4h,50,13,-0.042269,0.171396,0.171396,0.5385,0.9231,15.538462,2.214776,7.136907,9.587173,0.92998,16.923077,5.846154,0.067692
reaction_candidate,above,1,4h,10,20,-0.010312,0.051016,0.051016,0.65,0.7,15.45,2.304412,24.405424,6.227,0.810027,19.15,8.55,0.101
reaction_candidate,above,1,4h,20,20,-0.007024,0.083112,0.083112,0.65,0.85,15.45,2.304412,24.405424,6.227,0.810027,19.15,8.55,0.101
reaction_candidate,above,1,4h,5,20,-0.015435,0.038086,0.038086,0.75,0.5,15.45,2.304412,24.405424,6.227,0.810027,19.15,8.55,0.101
reaction_candidate,above,1,4h,50,20,0.00372,0.162792,0.162792,0.5,0.95,15.45,2.304412,24.405424,6.227,0.810027,19.15,8.55,0.101
reaction_candidate,below,0.236,4h,10,19,0.025921,0.058914,0.058914,0.5263,0.8421,14.631579,2.26264,12.399475,5.791711,0.500651,23.631579,8.105263,0.088421
reaction_candidate,below,0.236,4h,20,19,0.023559,0.091474,0.091474,0.5263,0.8947,14.631579,2.26264,12.399475,5.791711,0.500651,23.631579,8.105263,0.088421
reaction_candidate,below,0.236,4h,5,19,0.012749,0.032723,0.032723,0.7368,0.5789,14.631579,2.26264,12.399475,5.791711,0.500651,23.631579,8.105263,0.088421
reaction_candidate,below,0.236,4h,50,19,0.018509,0.156317,0.156317,0.4737,1.0,14.631579,2.26264,12.399475,5.791711,0.500651,23.631579,8.105263,0.088421
reaction_candidate,below,0.382,4h,10,15,-0.007212,0.052329,0.052329,0.6667,0.6667,15.6,2.210993,7.590178,4.247865,0.540587,17,8.066667,0.104
reaction_candidate,below,0.382,4h,20,15,0.000389,0.083975,0.083975,0.6,0.8,15.6,2.210993,7.590178,4.247865,0.540587,17,8.066667,0.104
reaction_candidate,below,0.382,4h,5,15,-0.000282,0.035022,0.035022,0.9333,0.4667,15.6,2.210993,7.590178,4.247865,0.540587,17,8.066667,0.104
reaction_candidate,below,0.382,4h,50,15,-0.017256,0.128951,0.128951,0.6,0.8667,15.6,2.210993,7.590178,4.247865,0.540587,17,8.066667,0.104
reaction_candidate,below,0.5,4h,10,13,0.014713,0.060753,0.060753,0.5385,0.7692,15.384615,2.027301,12.177828,4.957308,0.633736,13.230769,6.846154,0.086154
reaction_candidate,below,0.5,4h,20,13,-0.003195,0.080963,0.080963,0.8462,0.8462,15.384615,2.027301,12.177828,4.957308,0.633736,13.230769,6.846154,0.086154
reaction_candidate,below,0.5,4h,5,13,0.008765,0.041527,0.041527,0.6923,0.6923,15.384615,2.027301,12.177828,4.957308,0.633736,13.230769,6.846154,0.086154
reaction_candidate,below,0.5,4h,50,13,-0.002018,0.173275,0.173275,0.6923,0.9231,15.384615,2.027301,12.177828,4.957308,0.633736,13.230769,6.846154,0.086154
reaction_candidate,below,0.618,4h,10,15,0.001081,0.049994,0.049994,0.7333,0.9333,14.933333,1.713622,17.28985,4.871035,0.465193,19.533333,6.8,0.078667
reaction_candidate,below,0.618,4h,20,15,0.001838,0.089684,0.089684,0.5333,0.9333,14.933333,1.713622,17.28985,4.871035,0.465193,19.533333,6.8,0.078667
reaction_candidate,below,0.618,4h,5,15,0.010801,0.03316,0.03316,0.5333,0.8,14.933333,1.713622,17.28985,4.871035,0.465193,19.533333,6.8,0.078667
reaction_candidate,below,0.618,4h,50,15,0.032624,0.1896,0.1896,0.6667,0.9333,14.933333,1.713622,17.28985,4.871035,0.465193,19.533333,6.8,0.078667
reaction_candidate,below,0.786,4h,10,24,0.005548,0.044906,0.044906,0.625,0.7083,14.208333,1.811874,8.032277,5.735016,0.532083,19.791667,8.833333,0.123333
reaction_candidate,below,0.786,4h,20,24,-0.001341,0.071812,0.071812,0.625,0.7917,14.208333,1.811874,8.032277,5.735016,0.532083,19.791667,8.833333,0.123333
reaction_candidate,below,0.786,4h,5,24,0.008235,0.032935,0.032935,0.625,0.625,14.208333,1.811874,8.032277,5.735016,0.532083,19.791667,8.833333,0.123333
reaction_candidate,below,0.786,4h,50,24,0.009705,0.118959,0.118959,0.625,0.875,14.208333,1.811874,8.032277,5.735016,0.532083,19.791667,8.833333,0.123333
reaction_candidate,below,1,4h,10,21,0.012225,0.051435,0.051435,0.5238,0.7143,15.380952,1.591294,16.386592,5.687857,0.686987,24.714286,7.238095,0.09619
reaction_candidate,below,1,4h,20,21,0.025366,0.101281,0.101281,0.5714,0.8095,15.380952,1.591294,16.386592,5.687857,0.686987,24.714286,7.238095,0.09619
reaction_candidate,below,1,4h,5,21,0.008822,0.034736,0.034736,0.7143,0.5714,15.380952,1.591294,16.386592,5.687857,0.686987,24.714286,7.238095,0.09619
reaction_candidate,below,1,4h,50,21,0.06458,0.202231,0.202231,0.4762,1.0,15.380952,1.591294,16.386592,5.687857,0.686987,24.714286,7.238095,0.09619
reaction_candidate,cross,0.236,4h,10,18,-0.011407,0.058684,0.058684,0.5,0.9444,14.944444,1.779096,9.555887,4.447741,0.23547,24,9.611111,0.131111
reaction_candidate,cross,0.236,4h,20,18,-0.016418,0.091322,0.091322,0.6111,0.9444,14.944444,1.779096,9.555887,4.447741,0.23547,24,9.611111,0.131111
reaction_candidate,cross,0.236,4h,5,18,-0.001191,0.037775,0.037775,0.3889,0.7222,14.944444,1.779096,9.555887,4.447741,0.23547,24,9.611111,0.131111
reaction_candidate,cross,0.236,4h,50,18,0.00515,0.154304,0.154304,0.5556,0.9444,14.944444,1.779096,9.555887,4.447741,0.23547,24,9.611111,0.131111
reaction_candidate,cross,0.382,4h,10,23,-0.001738,0.064262,0.064262,0.5652,0.913,12.565217,2.243236,10.59285,4.789754,0.417726,25.826087,8.434783,0.111304
reaction_candidate,cross,0.382,4h,20,23,-0.009567,0.092485,0.092485,0.5652,0.9565,12.565217,2.243236,10.59285,4.789754,0.417726,25.826087,8.434783,0.111304
reaction_candidate,cross,0.382,4h,5,23,0.004746,0.037414,0.037414,0.7391,0.7391,12.565217,2.243236,10.59285,4.789754,0.417726,25.826087,8.434783,0.111304
reaction_candidate,cross,0.382,4h,50,23,-0.017033,0.150052,0.150052,0.3478,1.0,12.565217,2.243236,10.59285,4.789754,0.417726,25.826087,8.434783,0.111304
reaction_candidate,cross,0.5,4h,10,30,0.017769,0.056072,0.056072,0.5,0.8333,15.033333,2.051597,13.187802,4.51315,0.28075,24.166667,9.833333,0.125333
reaction_candidate,cross,0.5,4h,20,30,0.019639,0.094616,0.094616,0.4667,0.9333,15.033333,2.051597,13.187802,4.51315,0.28075,24.166667,9.833333,0.125333
reaction_candidate,cross,0.5,4h,5,30,-0.001882,0.031774,0.031774,0.5,0.7,15.033333,2.051597,13.187802,4.51315,0.28075,24.166667,9.833333,0.125333
reaction_candidate,cross,0.5,4h,50,30,-0.004587,0.147115,0.147115,0.6,0.9333,15.033333,2.051597,13.187802,4.51315,0.28075,24.166667,9.833333,0.125333
reaction_candidate,cross,0.618,4h,10,21,-0.00788,0.056963,0.056963,0.4762,0.9048,16.809524,1.873244,49.657121,4.843289,0.314147,26.857143,9.380952,0.115238
reaction_candidate,cross,0.618,4h,20,21,-0.015607,0.083949,0.083949,0.4762,0.9048,16.809524,1.873244,49.657121,4.843289,0.314147,26.857143,9.380952,0.115238
reaction_candidate,cross,0.618,4h,5,21,-0.002637,0.034668,0.034668,0.619,0.7143,16.809524,1.873244,49.657121,4.843289,0.314147,26.857143,9.380952,0.115238
reaction_candidate,cross,0.618,4h,50,21,-0.03095,0.14903,0.14903,0.5714,1.0,16.809524,1.873244,49.657121,4.843289,0.314147,26.857143,9.380952,0.115238
reaction_candidate,cross,0.786,4h,10,19,-0.003034,0.067313,0.067313,0.5789,0.9474,16.684211,2.283939,6.181741,5.525702,0.331154,20.631579,8.210526,0.089474
reaction_candidate,cross,0.786,4h,20,19,-0.022632,0.09592,0.09592,0.6842,0.9474,16.684211,2.283939,6.181741,5.525702,0.331154,20.631579,8.210526,0.089474
reaction_candidate,cross,0.786,4h,5,19,-0.010231,0.036339,0.036339,0.7368,0.8421,16.684211,2.283939,6.181741,5.525702,0.331154,20.631579,8.210526,0.089474
reaction_candidate,cross,0.786,4h,50,19,-0.049262,0.15245,0.15245,0.5789,0.9474,16.684211,2.283939,6.181741,5.525702,0.331154,20.631579,8.210526,0.089474
reaction_candidate,cross,1,4h,10,20,-0.00224,0.076408,0.076408,0.4,0.9,14.85,1.997397,17.06579,4.6963,0.243623,29.8,10.7,0.135
reaction_candidate,cross,1,4h,20,20,-0.00883,0.117872,0.117872,0.4,1.0,14.85,1.997397,17.06579,4.6963,0.243623,29.8,10.7,0.135
reaction_candidate,cross,1,4h,5,20,-0.002294,0.042586,0.042586,0.55,0.85,14.85,1.997397,17.06579,4.6963,0.243623,29.8,10.7,0.135
reaction_candidate,cross,1,4h,50,20,-0.019834,0.161792,0.161792,0.45,1.0,14.85,1.997397,17.06579,4.6963,0.243623,29.8,10.7,0.135
reaction_candidate,touch,0.236,4h,10,83,0.002578,0.056381,0.056381,0.6988,0.759,15.39759,2.528883,8.991482,7.312668,0.563005,19.795181,9.180723,0.117021
reaction_candidate,touch,0.236,4h,20,83,0.014972,0.089227,0.089227,0.5904,0.8675,15.39759,2.528883,8.991482,7.312668,0.563005,19.795181,9.180723,0.117021
reaction_candidate,touch,0.236,4h,5,83,-0.004691,0.03991,0.03991,0.7229,0.5904,15.39759,2.528883,8.991482,7.312668,0.563005,19.795181,9.180723,0.117021
reaction_candidate,touch,0.236,4h,50,83,0.014799,0.154047,0.154047,0.6024,0.9036,15.39759,2.528883,8.991482,7.312668,0.563005,19.795181,9.180723,0.117021
reaction_candidate,touch,0.382,4h,10,91,0.005817,0.061027,0.061027,0.6923,0.7473,15.813187,1.985925,12.752825,7.981031,0.677979,21.164835,7.923077,0.099341
reaction_candidate,touch,0.382,4h,20,91,0.000886,0.092749,0.092749,0.5495,0.8132,15.813187,1.985925,12.752825,7.981031,0.677979,21.164835,7.923077,0.099341
reaction_candidate,touch,0.382,4h,5,91,-0.005744,0.040019,0.040019,0.6374,0.5604,15.813187,1.985925,12.752825,7.981031,0.677979,21.164835,7.923077,0.099341
reaction_candidate,touch,0.382,4h,50,91,-0.003207,0.168744,0.168744,0.5385,0.9341,15.813187,1.985925,12.752825,7.981031,0.677979,21.164835,7.923077,0.099341
reaction_candidate,touch,0.5,4h,10,90,-0.004263,0.058438,0.058438,0.6111,0.7667,16.288889,2.061773,11.651113,8.427578,0.744992,20.111111,8.977778,0.112667
reaction_candidate,touch,0.5,4h,20,90,0.001732,0.093838,0.093838,0.6111,0.8333,16.288889,2.061773,11.651113,8.427578,0.744992,20.111111,8.977778,0.112667
reaction_candidate,touch,0.5,4h,5,90,-0.004629,0.042382,0.042382,0.7889,0.5222,16.288889,2.061773,11.651113,8.427578,0.744992,20.111111,8.977778,0.112667
reaction_candidate,touch,0.5,4h,50,90,0.010252,0.164711,0.164711,0.5667,0.9333,16.288889,2.061773,11.651113,8.427578,0.744992,20.111111,8.977778,0.112667
reaction_candidate,touch,0.618,4h,10,74,0.007636,0.063985,0.063985,0.6081,0.7568,16.540541,2.159311,19.578677,9.295017,0.737804,21.945946,8.608108,0.105946
reaction_candidate,touch,0.618,4h,20,74,0.01336,0.102049,0.102049,0.5135,0.8649,16.540541,2.159311,19.578677,9.295017,0.737804,21.945946,8.608108,0.105946
reaction_candidate,touch,0.618,4h,5,74,-0.005705,0.04483,0.04483,0.6622,0.6081,16.540541,2.159311,19.578677,9.295017,0.737804,21.945946,8.608108,0.105946
reaction_candidate,touch,0.618,4h,50,74,0.02059,0.163057,0.163057,0.5811,0.9324,16.540541,2.159311,19.578677,9.295017,0.737804,21.945946,8.608108,0.105946
reaction_candidate,touch,0.786,4h,10,85,0.000797,0.052927,0.052927,0.6235,0.7412,15.882353,2.300784,23.049778,7.11358,0.600096,23.235294,8.082353,0.0999
reaction_candidate,touch,0.786,4h,20,85,0.00182,0.085319,0.085319,0.4588,0.8588,15.882353,2.300784,23.049778,7.11358,0.600096,23.235294,8.082353,0.0999
reaction_candidate,touch,0.786,4h,5,85,-0.002686,0.036785,0.036785,0.6941,0.5412,15.882353,2.300784,23.049778,7.11358,0.600096,23.235294,8.082353,0.0999
reaction_candidate,touch,0.786,4h,50,85,0.003955,0.156935,0.156935,0.5294,0.9294,15.882353,2.300784,23.049778,7.11358,0.600096,23.235294,8.082353,0.0999
reaction_candidate,touch,1,4h,10,68,0.003355,0.061126,0.061126,0.6176,0.75,14.867647,2.129263,13.011212,10.011912,0.658978,19.485294,8,0.091765
reaction_candidate,touch,1,4h,20,68,0.001321,0.095742,0.095742,0.6324,0.7941,14.867647,2.129263,13.011212,10.011912,0.658978,19.485294,8,0.091765
reaction_candidate,touch,1,4h,5,68,-0.005454,0.041023,0.041023,0.7206,0.5441,14.867647,2.129263,13.011212,10.011912,0.658978,19.485294,8,0.091765
reaction_candidate,touch,1,4h,50,68,-0.004485,0.155995,0.155995,0.5,0.8824,14.867647,2.129263,13.011212,10.011912,0.658978,19.485294,8,0.091765
rejection_candidate,above,0.236,4h,10,36,0.045942,0.081673,0.017474,0.9722,0.1389,14.833333,1.76149,14.307677,6.661621,0.627214,10.305556,5.277778,0.061667
rejection_candidate,above,0.236,4h,20,36,0.034972,0.103052,0.045762,0.8056,0.4722,14.833333,1.76149,14.307677,6.661621,0.627214,10.305556,5.277778,0.061667
rejection_candidate,above,0.236,4h,5,36,0.039005,0.057349,0.014884,1.0,0.1111,14.833333,1.76149,14.307677,6.661621,0.627214,10.305556,5.277778,0.061667
rejection_candidate,above,0.236,4h,50,36,0.039635,0.144435,0.078658,0.6667,0.6944,14.833333,1.76149,14.307677,6.661621,0.627214,10.305556,5.277778,0.061667
rejection_candidate,above,0.382,4h,10,32,0.039204,0.074045,0.028133,0.8125,0.3125,15.625,2.653425,11.154036,6.532684,0.613681,10.28125,5.875,0.06375
rejection_candidate,above,0.382,4h,20,32,0.038092,0.094479,0.041515,0.75,0.4375,15.625,2.653425,11.154036,6.532684,0.613681,10.28125,5.875,0.06375
rejection_candidate,above,0.382,4h,5,32,0.036686,0.05157,0.016364,1.0,0.125,15.625,2.653425,11.154036,6.532684,0.613681,10.28125,5.875,0.06375
rejection_candidate,above,0.382,4h,50,32,0.066235,0.140955,0.054681,0.75,0.5312,15.625,2.653425,11.154036,6.532684,0.613681,10.28125,5.875,0.06375
rejection_candidate,above,0.5,4h,10,44,0.043187,0.084656,0.024445,0.9091,0.2045,15.727273,1.950326,10.617887,6.97575,0.509319,8.886364,5.931818,0.075909
rejection_candidate,above,0.5,4h,20,44,0.057695,0.111426,0.038957,0.8182,0.4318,15.727273,1.950326,10.617887,6.97575,0.509319,8.886364,5.931818,0.075909
rejection_candidate,above,0.5,4h,5,44,0.046078,0.062431,0.01811,1.0,0.1364,15.727273,1.950326,10.617887,6.97575,0.509319,8.886364,5.931818,0.075909
rejection_candidate,above,0.5,4h,50,44,0.039244,0.138866,0.068445,0.7727,0.5455,15.727273,1.950326,10.617887,6.97575,0.509319,8.886364,5.931818,0.075909
rejection_candidate,above,0.618,4h,10,44,0.04337,0.071198,0.017599,0.9091,0.1591,13.75,2.358329,18.642409,6.929456,0.627606,7.113636,5.136364,0.051818
rejection_candidate,above,0.618,4h,20,44,0.040193,0.101427,0.028106,0.7273,0.3864,13.75,2.358329,18.642409,6.929456,0.627606,7.113636,5.136364,0.051818
rejection_candidate,above,0.618,4h,5,44,0.037738,0.050402,0.014209,1.0,0.0455,13.75,2.358329,18.642409,6.929456,0.627606,7.113636,5.136364,0.051818
rejection_candidate,above,0.618,4h,50,44,0.057517,0.149532,0.063144,0.7955,0.5682,13.75,2.358329,18.642409,6.929456,0.627606,7.113636,5.136364,0.051818
rejection_candidate,above,0.786,4h,10,39,0.03359,0.066198,0.029533,0.8462,0.2821,14,2.155441,9.946997,7.258825,0.684922,10.358974,4.948718,0.049744
rejection_candidate,above,0.786,4h,20,39,0.038258,0.103703,0.048987,0.7949,0.3846,14,2.155441,9.946997,7.258825,0.684922,10.358974,4.948718,0.049744
rejection_candidate,above,0.786,4h,5,39,0.031415,0.046738,0.018508,1.0,0.0513,14,2.155441,9.946997,7.258825,0.684922,10.358974,4.948718,0.049744
rejection_candidate,above,0.786,4h,50,39,0.042697,0.161703,0.085661,0.6923,0.5897,14,2.155441,9.946997,7.258825,0.684922,10.358974,4.948718,0.049744
rejection_candidate,above,1,4h,10,33,0.056816,0.089239,0.014163,0.8788,0.2121,12.757576,2.221514,7.400383,6.736242,0.60726,8.818182,3.030303,0.038182
rejection_candidate,above,1,4h,20,33,0.063053,0.119532,0.026478,0.8485,0.3333,12.757576,2.221514,7.400383,6.736242,0.60726,8.818182,3.030303,0.038182
rejection_candidate,above,1,4h,5,33,0.04192,0.058241,0.009819,1.0,0.0606,12.757576,2.221514,7.400383,6.736242,0.60726,8.818182,3.030303,0.038182
rejection_candidate,above,1,4h,50,33,0.061247,0.158124,0.063148,0.7273,0.5152,12.757576,2.221514,7.400383,6.736242,0.60726,8.818182,3.030303,0.038182
rejection_candidate,below,0.236,4h,10,37,-0.021836,0.056602,0.026658,0.7838,0.4324,15.945946,2.171629,11.470959,5.636515,0.547952,11.513514,5.432432,0.054595
rejection_candidate,below,0.236,4h,20,37,-0.030521,0.081995,0.041867,0.7027,0.5946,15.945946,2.171629,11.470959,5.636515,0.547952,11.513514,5.432432,0.054595
rejection_candidate,below,0.236,4h,5,37,-0.024098,0.039325,0.014588,1.0,0.1892,15.945946,2.171629,11.470959,5.636515,0.547952,11.513514,5.432432,0.054595
rejection_candidate,below,0.236,4h,50,37,-0.03848,0.116177,0.065997,0.7297,0.7027,15.945946,2.171629,11.470959,5.636515,0.547952,11.513514,5.432432,0.054595
rejection_candidate,below,0.382,4h,10,44,-0.026456,0.062683,0.022692,0.7273,0.2955,15.340909,2.004857,13.543841,5.935321,0.680761,10.295455,4.272727,0.048182
rejection_candidate,below,0.382,4h,20,44,-0.041055,0.087274,0.030643,0.8182,0.4091,15.340909,2.004857,13.543841,5.935321,0.680761,10.295455,4.272727,0.048182
rejection_candidate,below,0.382,4h,5,44,-0.028083,0.043728,0.013781,1.0,0.0455,15.340909,2.004857,13.543841,5.935321,0.680761,10.295455,4.272727,0.048182
rejection_candidate,below,0.382,4h,50,44,-0.02903,0.12311,0.061975,0.6591,0.5682,15.340909,2.004857,13.543841,5.935321,0.680761,10.295455,4.272727,0.048182
rejection_candidate,below,0.5,4h,10,41,-0.021286,0.063369,0.029224,0.7317,0.439,15.463415,2.395891,8.812221,5.712,0.54816,11.902439,5.95122,0.067805
rejection_candidate,below,0.5,4h,20,41,-0.017755,0.082803,0.050335,0.6829,0.5366,15.463415,2.395891,8.812221,5.712,0.54816,11.902439,5.95122,0.067805
rejection_candidate,below,0.5,4h,5,41,-0.031987,0.04818,0.013963,1.0,0.1951,15.463415,2.395891,8.812221,5.712,0.54816,11.902439,5.95122,0.067805
rejection_candidate,below,0.5,4h,50,41,-0.036052,0.12346,0.074221,0.7561,0.6829,15.463415,2.395891,8.812221,5.712,0.54816,11.902439,5.95122,0.067805
rejection_candidate,below,0.618,4h,10,53,-0.022592,0.060197,0.020387,0.7547,0.3962,14.283019,2.366881,14.181851,4.763201,0.554596,10.641509,5.660377,0.06
rejection_candidate,below,0.618,4h,20,53,-0.032184,0.089999,0.035584,0.8302,0.5283,14.283019,2.366881,14.181851,4.763201,0.554596,10.641509,5.660377,0.06
rejection_candidate,below,0.618,4h,5,53,-0.028127,0.044987,0.013304,1.0,0.2075,14.283019,2.366881,14.181851,4.763201,0.554596,10.641509,5.660377,0.06
rejection_candidate,below,0.618,4h,50,53,-0.031474,0.127443,0.061802,0.6604,0.7547,14.283019,2.366881,14.181851,4.763201,0.554596,10.641509,5.660377,0.06
rejection_candidate,below,0.786,4h,10,38,-0.034655,0.070415,0.021263,0.8684,0.3158,15.394737,1.97444,29.856937,4.814807,0.561355,9.078947,4.657895,0.048947
rejection_candidate,below,0.786,4h,20,38,-0.039964,0.086541,0.03126,0.8158,0.4474,15.394737,1.97444,29.856937,4.814807,0.561355,9.078947,4.657895,0.048947
rejection_candidate,below,0.786,4h,5,38,-0.032895,0.049003,0.01379,1.0,0.1579,15.394737,1.97444,29.856937,4.814807,0.561355,9.078947,4.657895,0.048947
rejection_candidate,below,0.786,4h,50,38,-0.034963,0.128009,0.060616,0.8158,0.6053,15.394737,1.97444,29.856937,4.814807,0.561355,9.078947,4.657895,0.048947
rejection_candidate,below,1,4h,10,30,-0.027852,0.072256,0.024417,0.8,0.3,15.133333,2.090277,32.519723,5.6425,0.451713,8.733333,4.966667,0.056667
rejection_candidate,below,1,4h,20,30,-0.035826,0.098896,0.03628,0.8,0.4333,15.133333,2.090277,32.519723,5.6425,0.451713,8.733333,4.966667,0.056667
rejection_candidate,below,1,4h,5,30,-0.03145,0.04993,0.011955,1.0,0.1333,15.133333,2.090277,32.519723,5.6425,0.451713,8.733333,4.966667,0.056667
rejection_candidate,below,1,4h,50,30,-0.037246,0.135573,0.059878,0.7,0.5667,15.133333,2.090277,32.519723,5.6425,0.451713,8.733333,4.966667,0.056667
rejection_candidate,cross,0.236,4h,10,22,0.030257,0.094554,0.011775,0.9091,0.3182,14.136364,2.34477,5.489392,5.513282,0.046409,11.090909,6.681818,0.073636
rejection_candidate,cross,0.236,4h,20,22,0.067116,0.129288,0.02585,0.7727,0.3636,14.136364,2.34477,5.489392,5.513282,0.046409,11.090909,6.681818,0.073636
rejection_candidate,cross,0.236,4h,5,22,0.026519,0.070012,0.008557,1.0,0.1818,14.136364,2.34477,5.489392,5.513282,0.046409,11.090909,6.681818,0.073636
rejection_candidate,cross,0.236,4h,50,22,0.057988,0.158996,0.044719,0.6818,0.5455,14.136364,2.34477,5.489392,5.513282,0.046409,11.090909,6.681818,0.073636
rejection_candidate,cross,0.382,4h,10,18,-0.013696,0.070178,0.019716,0.7778,0.5,15.111111,2.794828,7.952867,5.766154,0.034863,15.611111,7.388889,0.081111
rejection_candidate,cross,0.382,4h,20,18,-0.006725,0.081602,0.041146,0.6111,0.6667,15.111111,2.794828,7.952867,5.766154,0.034863,15.611111,7.388889,0.081111
rejection_candidate,cross,0.382,4h,5,18,-0.007598,0.050907,0.013403,1.0,0.4444,15.111111,2.794828,7.952867,5.766154,0.034863,15.611111,7.388889,0.081111
rejection_candidate,cross,0.382,4h,50,18,0.034974,0.109675,0.056301,0.5556,0.8333,15.111111,2.794828,7.952867,5.766154,0.034863,15.611111,7.388889,0.081111
rejection_candidate,cross,0.5,4h,10,25,-0.010327,0.083457,0.0284,0.76,0.52,14.32,2.59416,10.321808,6.18994,0.040542,13.52,8.32,0.0952
rejection_candidate,cross,0.5,4h,20,25,-0.00631,0.097198,0.040806,0.68,0.68,14.32,2.59416,10.321808,6.18994,0.040542,13.52,8.32,0.0952
rejection_candidate,cross,0.5,4h,5,25,0.009912,0.060552,0.012794,1.0,0.28,14.32,2.59416,10.321808,6.18994,0.040542,13.52,8.32,0.0952
rejection_candidate,cross,0.5,4h,50,25,-0.015203,0.138368,0.068612,0.6,0.8,14.32,2.59416,10.321808,6.18994,0.040542,13.52,8.32,0.0952
rejection_candidate,cross,0.618,4h,10,21,-0.005435,0.059003,0.017946,0.7619,0.5238,15,2.879346,6.997266,4.975942,0.056706,14.571429,7.857143,0.080952
rejection_candidate,cross,0.618,4h,20,21,-0.015674,0.094479,0.041695,0.7143,0.7619,15,2.879346,6.997266,4.975942,0.056706,14.571429,7.857143,0.080952
rejection_candidate,cross,0.618,4h,5,21,0.002867,0.04537,0.013395,1.0,0.3333,15,2.879346,6.997266,4.975942,0.056706,14.571429,7.857143,0.080952
rejection_candidate,cross,0.618,4h,50,21,-0.014011,0.153413,0.065911,0.619,0.7619,15,2.879346,6.997266,4.975942,0.056706,14.571429,7.857143,0.080952
rejection_candidate,cross,0.786,4h,10,19,0.017018,0.065217,0.018445,0.8421,0.2632,13.315789,2.426486,5.913152,4.621536,0.047984,16.368421,8,0.081053
rejection_candidate,cross,0.786,4h,20,19,0.001836,0.081436,0.036197,0.7368,0.4737,13.315789,2.426486,5.913152,4.621536,0.047984,16.368421,8,0.081053
rejection_candidate,cross,0.786,4h,5,19,0.018706,0.050754,0.010661,1.0,0.1053,13.315789,2.426486,5.913152,4.621536,0.047984,16.368421,8,0.081053
rejection_candidate,cross,0.786,4h,50,19,-0.028561,0.13818,0.088678,0.4737,0.8421,13.315789,2.426486,5.913152,4.621536,0.047984,16.368421,8,0.081053
rejection_candidate,cross,1,4h,10,20,0.015177,0.060951,0.020723,0.7,0.6,14.1,2.315585,7.86429,3.8915,0.048921,13.9,9.05,0.106
rejection_candidate,cross,1,4h,20,20,0.00364,0.089079,0.038222,0.7,0.65,14.1,2.315585,7.86429,3.8915,0.048921,13.9,9.05,0.106
rejection_candidate,cross,1,4h,5,20,0.005728,0.041373,0.011458,1.0,0.3,14.1,2.315585,7.86429,3.8915,0.048921,13.9,9.05,0.106
rejection_candidate,cross,1,4h,50,20,-0.021248,0.139162,0.077823,0.45,0.7,14.1,2.315585,7.86429,3.8915,0.048921,13.9,9.05,0.106
rejection_candidate,touch,0.236,4h,10,217,0.010244,0.075429,0.026389,0.8618,0.3272,15.069124,2.225266,17.28571,6.007025,0.538796,11.050691,5.230415,0.0553
rejection_candidate,touch,0.236,4h,20,217,0.013422,0.100191,0.042665,0.7834,0.4654,15.069124,2.225266,17.28571,6.007025,0.538796,11.050691,5.230415,0.0553
rejection_candidate,touch,0.236,4h,5,217,0.008767,0.055231,0.018338,1.0,0.1797,15.069124,2.225266,17.28571,6.007025,0.538796,11.050691,5.230415,0.0553
rejection_candidate,touch,0.236,4h,50,217,0.010797,0.139758,0.075295,0.682,0.659,15.069124,2.225266,17.28571,6.007025,0.538796,11.050691,5.230415,0.0553
rejection_candidate,touch,0.382,4h,10,163,0.005408,0.078444,0.025435,0.8589,0.2883,15.386503,2.426651,9.417758,6.160574,0.508188,10.846626,4.650307,0.051288
rejection_candidate,touch,0.382,4h,20,163,0.007819,0.102081,0.04253,0.7301,0.4724,15.386503,2.426651,9.417758,6.160574,0.508188,10.846626,4.650307,0.051288
rejection_candidate,touch,0.382,4h,5,163,0.002603,0.05491,0.017092,1.0,0.1472,15.386503,2.426651,9.417758,6.160574,0.508188,10.846626,4.650307,0.051288
rejection_candidate,touch,0.382,4h,50,163,0.016293,0.143055,0.074955,0.7055,0.5951,15.386503,2.426651,9.417758,6.160574,0.508188,10.846626,4.650307,0.051288
rejection_candidate,touch,0.5,4h,10,140,0.007218,0.077726,0.026943,0.8143,0.3214,16.042857,2.370196,15.016512,6.722764,0.57976,10.857143,4.828571,0.056
rejection_candidate,touch,0.5,4h,20,140,0.010506,0.104132,0.045089,0.7429,0.4714,16.042857,2.370196,15.016512,6.722764,0.57976,10.857143,4.828571,0.056
rejection_candidate,touch,0.5,4h,5,140,0.007014,0.052727,0.018565,1.0,0.1,16.042857,2.370196,15.016512,6.722764,0.57976,10.857143,4.828571,0.056
rejection_candidate,touch,0.5,4h,50,140,0.021054,0.149495,0.07082,0.7286,0.6429,16.042857,2.370196,15.016512,6.722764,0.57976,10.857143,4.828571,0.056
rejection_candidate,touch,0.618,4h,10,176,0.008138,0.07314,0.026208,0.8523,0.3125,15.863636,2.271658,15.193939,6.841313,0.571106,10.914773,4.681818,0.045455
rejection_candidate,touch,0.618,4h,20,176,0.006318,0.094865,0.041762,0.7614,0.4716,15.863636,2.271658,15.193939,6.841313,0.571106,10.914773,4.681818,0.045455
rejection_candidate,touch,0.618,4h,5,176,0.01044,0.053191,0.018425,1.0,0.1705,15.863636,2.271658,15.193939,6.841313,0.571106,10.914773,4.681818,0.045455
rejection_candidate,touch,0.618,4h,50,176,-0.013222,0.130359,0.077435,0.6705,0.6364,15.863636,2.271658,15.193939,6.841313,0.571106,10.914773,4.681818,0.045455
rejection_candidate,touch,0.786,4h,10,164,0.015223,0.073049,0.029679,0.8232,0.3598,16.5,2.381553,12.698136,6.751593,0.538693,12.621951,6.152439,0.062805
rejection_candidate,touch,0.786,4h,20,164,0.008953,0.094031,0.050163,0.7622,0.5122,16.5,2.381553,12.698136,6.751593,0.538693,12.621951,6.152439,0.062805
rejection_candidate,touch,0.786,4h,5,164,0.00957,0.051421,0.021507,1.0,0.1829,16.5,2.381553,12.698136,6.751593,0.538693,12.621951,6.152439,0.062805
rejection_candidate,touch,0.786,4h,50,164,0.004471,0.129873,0.087444,0.6768,0.7256,16.5,2.381553,12.698136,6.751593,0.538693,12.621951,6.152439,0.062805
rejection_candidate,touch,1,4h,10,183,0.012636,0.078141,0.023909,0.8525,0.3661,15.79235,2.340185,13.342943,6.499377,0.525479,11.349727,5.622951,0.062951
rejection_candidate,touch,1,4h,20,183,0.016568,0.102953,0.039373,0.765,0.5191,15.79235,2.340185,13.342943,6.499377,0.525479,11.349727,5.622951,0.062951
rejection_candidate,touch,1,4h,5,183,0.009042,0.054611,0.016636,1.0,0.1639,15.79235,2.340185,13.342943,6.499377,0.525479,11.349727,5.622951,0.062951
rejection_candidate,touch,1,4h,50,183,0.014487,0.14605,0.067282,0.6612,0.6557,15.79235,2.340185,13.342943,6.499377,0.525479,11.349727,5.622951,0.062951
