auto_candidate,relation,fib_level,timeframe,n_events,mean_pre_bars_approaching_level,mean_pre_distance_atr_norm,mean_at_close_distance_atr_norm,mean_post_bars_on_break_side,mean_post_retest_count,mean_post_max_extension_away
continuation_candidate,above,0.236,1d,5,17.4,2.716248,0.449581,42.4,5.8,194.958736
continuation_candidate,above,0.382,1d,5,13.2,1.272199,0.469125,36.4,7.6,128.114658
continuation_candidate,above,0.5,1d,1,20,4.060219,0.943095,21,17,41.67889
continuation_candidate,above,0.618,1d,1,20,3.000736,0.491984,50,3,198.36299
continuation_candidate,above,0.786,1d,1,8,0.982056,0.364083,50,2,531.8892
continuation_candidate,above,1,1d,4,16.75,2.389321,0.648029,42.75,5,154.327223
continuation_candidate,below,0.236,1d,3,18.333333,1.304105,0.301006,40.333333,10.666667,291.1495
continuation_candidate,below,0.382,1d,3,10.333333,3.408908,0.32047,14,5.333333,80.83
continuation_candidate,below,0.5,1d,3,20,1.974749,0.432076,34.333333,5,323.731667
continuation_candidate,below,0.786,1d,2,20,2.428481,0.379997,26,5.5,171.5326
continuation_candidate,below,1,1d,2,20,3.234462,0.366847,38,4,413.84
continuation_candidate,cross,0.236,1d,43,13.72093,2.099176,0.43843,38.976744,5.116279,1034.965356
continuation_candidate,cross,0.382,1d,42,12.785714,1.910982,0.694637,36.309524,5.047619,693.648218
continuation_candidate,cross,0.5,1d,43,13.395349,2.141801,0.657474,40.55814,4.604651,387.951305
continuation_candidate,cross,0.618,1d,41,14.634146,2.281547,0.594527,39.707317,5.146341,533.361369
continuation_candidate,cross,0.786,1d,38,17.447368,2.355098,0.47154,39.868421,6.421053,1112.680818
continuation_candidate,cross,1,1d,42,16.833333,2.246655,0.506527,40.190476,4.47619,843.285952
continuation_candidate,touch,0.236,1d,33,10.575758,2.404289,0.334963,32.909091,7.787879,1113.897475
continuation_candidate,touch,0.382,1d,21,14.619048,2.29408,0.240603,39.047619,5.904762,1866.23203
continuation_candidate,touch,0.5,1d,14,13.428571,1.979898,0.334746,36.5,6.071429,2543.687262
continuation_candidate,touch,0.618,1d,25,15.16,2.124264,0.347838,36.08,6.8,1450.675531
continuation_candidate,touch,0.786,1d,28,16.107143,2.248703,0.382146,38.214286,5.678571,757.326915
continuation_candidate,touch,1,1d,18,18.5,2.036743,0.349248,42.277778,5.833333,2267.345179
failure_candidate,above,0.236,1d,2,20,3.73145,0.367726,2,4.5,21.08119
failure_candidate,above,1,1d,1,20,3.73145,0.380236,2,4,20.79889
failure_candidate,below,0.236,1d,2,17.5,2.962762,0.207487,14.5,16.5,59.5463
failure_candidate,below,0.382,1d,2,16,1.338415,0.36363,17.5,17.5,50.40575
failure_candidate,below,0.5,1d,2,5.5,2.32724,0.370387,28,23,48.2825
failure_candidate,below,0.786,1d,6,16.833333,3.577186,0.3183,23.5,14.5,188.963667
failure_candidate,below,1,1d,1,20,2.336444,0.240245,3,2,17.57
failure_candidate,cross,0.236,1d,25,12.8,2.682215,0.270405,17.64,10.4,701.445003
failure_candidate,cross,0.382,1d,30,11.9,2.525679,0.443695,21.4,10.966667,108.321159
failure_candidate,cross,0.5,1d,26,12.038462,2.617069,0.387291,18.692308,8.653846,610.82891
failure_candidate,cross,0.618,1d,18,13.777778,2.431814,0.357122,20.055556,8.166667,93.645459
failure_candidate,cross,0.786,1d,18,14.722222,2.594064,0.325413,9.611111,6.833333,126.510711
failure_candidate,cross,1,1d,15,18.333333,2.08242,0.471635,14,6.4,150.495259
failure_candidate,touch,0.236,1d,5,14.4,2.481317,0.292619,8.6,9.2,29.200218
failure_candidate,touch,0.382,1d,4,11.5,2.92153,0.109745,9.75,9.75,42.085723
failure_candidate,touch,0.5,1d,6,9.666667,2.224196,0.413843,26.5,7.333333,2674.6475
failure_candidate,touch,0.618,1d,1,20,1.0617,0.278492,6,7,69.1596
failure_candidate,touch,0.786,1d,2,12,1.099326,0.406603,3,3.5,89.13365
failure_candidate,touch,1,1d,3,16,1.988782,0.382126,18.333333,6,90.546667
reaction_candidate,above,0.236,1d,6,12.833333,1.009279,0.77503,12,7.166667,5164.880933
reaction_candidate,above,0.382,1d,6,17,1.465397,0.619715,26.166667,5.5,2528.00505
reaction_candidate,above,0.5,1d,7,15.285714,2.829338,0.671291,14.571429,5,2307.725
reaction_candidate,above,0.618,1d,9,16.222222,2.330205,0.5912,15,5.111111,1718.553931
reaction_candidate,above,0.786,1d,2,20,4.588895,0.291541,18,10,81.469895
reaction_candidate,above,1,1d,6,19.166667,1.801317,0.885574,19.333333,5.5,1732.269815
reaction_candidate,below,0.236,1d,3,8,1.751771,0.321035,5.333333,10,40.903367
reaction_candidate,below,0.382,1d,1,20,2.505098,0.857252,14,9,77.5854
reaction_candidate,below,0.5,1d,2,10,2.092746,0.218828,3.5,8.5,28.84725
reaction_candidate,below,0.618,1d,4,11.75,2.670909,0.288807,30.75,7,293.48215
reaction_candidate,below,0.786,1d,3,7.666667,2.929836,0.244044,23.333333,11.666667,283.565033
reaction_candidate,below,1,1d,2,20,1.694812,0.79297,29.5,6.5,309.99
reaction_candidate,cross,0.236,1d,11,9.545455,2.087302,0.478665,34.727273,10.545455,891.941182
reaction_candidate,cross,0.382,1d,10,13.8,3.145234,0.332367,29.7,9.1,145.674147
reaction_candidate,cross,0.5,1d,10,13.6,3.848027,0.283853,27.8,11.4,98.408056
reaction_candidate,cross,0.618,1d,9,9.555556,2.841622,0.252177,32.888889,12.888889,106.805677
reaction_candidate,cross,0.786,1d,2,14,2.216832,0.181895,28,22,103.113
reaction_candidate,cross,1,1d,2,12.5,4.635555,0.359856,21.5,10.5,51.575
reaction_candidate,touch,0.236,1d,18,14.888889,2.354164,0.593423,26.111111,9.611111,135.814755
reaction_candidate,touch,0.382,1d,18,12.666667,2.099828,0.616581,26.055556,8.222222,1087.293739
reaction_candidate,touch,0.5,1d,22,12.363636,1.805376,0.490571,20.954545,8.318182,734.7775
reaction_candidate,touch,0.618,1d,14,14.357143,3.168522,0.552833,23.571429,6.857143,847.765629
reaction_candidate,touch,0.786,1d,14,13.142857,2.115205,0.672225,26.5,6.642857,1298.959579
reaction_candidate,touch,1,1d,13,16.846154,2.804657,0.555001,20.769231,7.692308,207.476154
rejection_candidate,above,0.236,1d,13,12.461538,1.507563,0.409826,14.538462,3.923077,63.106884
rejection_candidate,above,0.382,1d,10,12.7,2.889311,0.460855,15.8,4.4,1534.746758
rejection_candidate,above,0.5,1d,6,13.833333,2.019469,0.57587,12.5,2,15.941482
rejection_candidate,above,0.618,1d,9,12.111111,2.78111,0.274013,6.444444,2.111111,1424.623877
rejection_candidate,above,0.786,1d,9,13.777778,2.996766,0.467359,14.555556,3,1598.243232
rejection_candidate,above,1,1d,9,16.777778,3.574882,0.63075,12.222222,4,64.379877
rejection_candidate,below,0.236,1d,8,11.375,2.142141,0.280834,2.75,4.5,13.568672
rejection_candidate,below,0.382,1d,11,13.090909,2.05439,0.3986,10,5.818182,97.753664
rejection_candidate,below,0.5,1d,6,8.5,1.55391,0.349169,2.166667,3.5,37.274167
rejection_candidate,below,0.618,1d,9,12.222222,3.078856,0.324537,8.222222,7.222222,64.606811
rejection_candidate,below,0.786,1d,8,10.375,2.922067,0.429394,5.25,5.625,3.803063
rejection_candidate,below,1,1d,5,11.2,2.598387,0.331253,2.6,3.4,20.744
rejection_candidate,cross,0.236,1d,7,7.714286,2.105774,0.045217,21.285714,4,243.940314
rejection_candidate,cross,0.382,1d,11,6.181818,2.750786,0.077903,2.272727,4.181818,115.894809
rejection_candidate,cross,0.5,1d,13,8.769231,2.187619,0.038469,14.307692,9.538462,63.954708
rejection_candidate,cross,0.618,1d,7,16.142857,2.080089,0.0243,7.428571,5,115.069643
rejection_candidate,cross,0.786,1d,2,19,1.596307,0.023579,14,21.5,45.91205
rejection_candidate,cross,1,1d,1,20,4.751198,0.056609,36,7,104.96889
rejection_candidate,touch,0.236,1d,35,13.942857,1.9085,0.498104,10.571429,4.285714,87.893617
rejection_candidate,touch,0.382,1d,48,11.270833,2.443551,0.405892,14,5.666667,763.637976
rejection_candidate,touch,0.5,1d,43,12.651163,2.718072,0.355039,12.790698,5.488372,69.958552
rejection_candidate,touch,0.618,1d,49,12.204082,2.062359,0.351937,8.836735,4.469388,347.933993
rejection_candidate,touch,0.786,1d,28,13.714286,2.127013,0.418878,13.035714,4.678571,98.275356
rejection_candidate,touch,1,1d,20,14.15,3.39057,0.485554,9.6,2.8,35.808278
