review_id,symbol,timeframe,exchange,fib_level,fib_price,event_bar,event_time,auto_candidate,touch_type,approach_side,note,evidence_forward_bars,evidence_closes_beyond,evidence_closes_back,evidence_max_penetration_atr,swing_start_time,swing_end_time,swing_direction,swing_start_bar,swing_end_bar,chart_path,human_label,human_confidence,human_note
BTC-USD_1d_L0p236_s248_e265_b337_rej,BTC/USD,1d,bitfinex,0.236,711.252,337,2014-03-03T00:00:00+00:00,rejection_candidate,wick_above,below,Touched level and rejected back to the approach side,5,0,6,0.0,2013-12-04T00:00:00+00:00,2013-12-21T00:00:00+00:00,down,248,265,charts/BTC-USD_1d_L0p236_s248_e265_b337_rej.png,,,
BTC-USD_1d_L0p236_s301_e331_b417_cont,BTC/USD,1d,bitfinex,0.236,503.068705,417,2014-05-22T00:00:00+00:00,continuation_candidate,wick_below,below,Broke through level and continued,5,6,0,4.0424,2014-01-26T00:00:00+00:00,2014-02-25T00:00:00+00:00,down,301,331,charts/BTC-USD_1d_L0p236_s301_e331_b417_cont.png,,,
BTC-USD_1d_L0p236_s313_e394_b948_rej,BTC/USD,1d,bitfinex,0.236,493.176,948,2015-11-04T00:00:00+00:00,rejection_candidate,wick_above,below,Touched level and rejected back to the approach side,5,0,6,0.0,2014-02-07T00:00:00+00:00,2014-04-29T00:00:00+00:00,down,313,394,charts/BTC-USD_1d_L0p236_s313_e394_b948_rej.png,,,
BTC-USD_1d_L0p236_s313_e574_b982_cont,BTC/USD,1d,bitfinex,0.236,421.2836,982,2015-12-08T00:00:00+00:00,continuation_candidate,wick_below,below,Broke through level and continued,5,3,2,1.6445,2014-02-07T00:00:00+00:00,2014-10-26T00:00:00+00:00,down,313,574,charts/BTC-USD_1d_L0p236_s313_e574_b982_cont.png,,,
BTC-USD_1d_L0p236_s315_e335_b354_react,BTC/USD,1d,bitfinex,0.236,584.736408,354,2014-03-20T00:00:00+00:00,reaction_candidate,close_above,above,Reacted at level without a clear breakout or rejection,5,3,0,0.7001,2014-02-09T00:00:00+00:00,2014-03-01T00:00:00+00:00,down,315,335,charts/BTC-USD_1d_L0p236_s315_e335_b354_react.png,,,
BTC-USD_1d_L0p236_s337_e376_b536_fail,BTC/USD,1d,bitfinex,0.236,429.503,536,2014-09-18T00:00:00+00:00,failure_candidate,wick_above,above,Accepted beyond level then reversed back across it,5,5,1,2.0186,2014-03-03T00:00:00+00:00,2014-04-11T00:00:00+00:00,down,337,376,charts/BTC-USD_1d_L0p236_s337_e376_b536_fail.png,,,
BTC-USD_1d_L0p236_s337_e553_b947_fail,BTC/USD,1d,bitfinex,0.236,379.843,947,2015-11-03T00:00:00+00:00,failure_candidate,wick_below,below,Accepted beyond level then reversed back across it,5,4,2,1.6412,2014-03-03T00:00:00+00:00,2014-10-05T00:00:00+00:00,down,337,553,charts/BTC-USD_1d_L0p236_s337_e553_b947_fail.png,,,
BTC-USD_1d_L0p236_s337_e654_b831_react,BTC/USD,1d,bitfinex,0.236,296.9108,831,2015-07-10T00:00:00+00:00,reaction_candidate,close_below,below,Reacted at level without a clear breakout or rejection,5,1,5,1.4384,2014-03-03T00:00:00+00:00,2015-01-14T00:00:00+00:00,down,337,654,charts/BTC-USD_1d_L0p236_s337_e654_b831_react.png,,,
BTC-USD_1d_L0p382_s205_e224_b685_fail,BTC/USD,1d,bitfinex,0.382,245.96798,685,2015-02-14T00:00:00+00:00,failure_candidate,wick_below,below,Accepted beyond level then reversed back across it,5,1,5,0.5927,2013-10-22T00:00:00+00:00,2013-11-10T00:00:00+00:00,up,205,224,charts/BTC-USD_1d_L0p382_s205_e224_b685_fail.png,,,
BTC-USD_1d_L0p382_s251_e257_b292_rej,BTC/USD,1d,bitfinex,0.382,776.36878,292,2014-01-17T00:00:00+00:00,rejection_candidate,wick_below,above,Touched level and rejected back to the approach side,5,0,6,0.0,2013-12-07T00:00:00+00:00,2013-12-13T00:00:00+00:00,up,251,257,charts/BTC-USD_1d_L0p382_s251_e257_b292_rej.png,,,
BTC-USD_1d_L0p382_s316_e396_b588_cont,BTC/USD,1d,bitfinex,0.382,362.86154,588,2014-11-09T00:00:00+00:00,continuation_candidate,close_below,below,Broke through level and continued,5,5,0,4.0281,2014-02-10T00:00:00+00:00,2014-05-01T00:00:00+00:00,up,316,396,charts/BTC-USD_1d_L0p382_s316_e396_b588_cont.png,,,
BTC-USD_1d_L0p382_s316_e702_b735_fail,BTC/USD,1d,bitfinex,0.382,258.092,735,2015-04-05T00:00:00+00:00,failure_candidate,wick_below,below,Accepted beyond level then reversed back across it,5,1,5,0.2075,2014-02-10T00:00:00+00:00,2015-03-03T00:00:00+00:00,up,316,702,charts/BTC-USD_1d_L0p382_s316_e702_b735_fail.png,,,
BTC-USD_1d_L0p382_s316_e768_b799_react,BTC/USD,1d,bitfinex,0.382,230.41796,799,2015-06-08T00:00:00+00:00,reaction_candidate,close_below,below,Reacted at level without a clear breakout or rejection,5,1,4,0.4306,2014-02-10T00:00:00+00:00,2015-05-08T00:00:00+00:00,up,316,768,charts/BTC-USD_1d_L0p382_s316_e768_b799_react.png,,,
BTC-USD_1d_L0p382_s337_e378_b514_rej,BTC/USD,1d,bitfinex,0.382,521.9535,514,2014-08-27T00:00:00+00:00,rejection_candidate,close_below,below,Touched level and rejected back to the approach side,5,0,6,0.0,2014-03-03T00:00:00+00:00,2014-04-13T00:00:00+00:00,down,337,378,charts/BTC-USD_1d_L0p382_s337_e378_b514_rej.png,,,
BTC-USD_1d_L0p382_s337_e870_b947_react,BTC/USD,1d,bitfinex,0.382,374.8695,947,2015-11-03T00:00:00+00:00,reaction_candidate,wick_below,below,Reacted at level without a clear breakout or rejection,5,4,0,1.9188,2014-03-03T00:00:00+00:00,2015-08-18T00:00:00+00:00,down,337,870,charts/BTC-USD_1d_L0p382_s337_e870_b947_react.png,,,
BTC-USD_1d_L0p382_s337_e870_b979_cont,BTC/USD,1d,bitfinex,0.382,374.8695,979,2015-12-05T00:00:00+00:00,continuation_candidate,wick_below,below,Broke through level and continued,5,6,0,2.2659,2014-03-03T00:00:00+00:00,2015-08-18T00:00:00+00:00,down,337,870,charts/BTC-USD_1d_L0p382_s337_e870_b979_cont.png,,,
BTC-USD_1d_L0p5_s205_e238_b361_react,BTC/USD,1d,bitfinex,0.5,480.0,361,2014-03-27T00:00:00+00:00,reaction_candidate,wick_above,above,Reacted at level without a clear breakout or rejection,5,3,2,0.57,2013-10-22T00:00:00+00:00,2013-11-24T00:00:00+00:00,up,205,238,charts/BTC-USD_1d_L0p5_s205_e238_b361_react.png,,,
BTC-USD_1d_L0p5_s262_e295_b425_cont,BTC/USD,1d,bitfinex,0.5,613.25,425,2014-05-30T00:00:00+00:00,continuation_candidate,wick_below,below,Broke through level and continued,5,6,0,2.2677,2013-12-18T00:00:00+00:00,2014-01-20T00:00:00+00:00,up,262,295,charts/BTC-USD_1d_L0p5_s262_e295_b425_cont.png,,,
BTC-USD_1d_L0p5_s316_e329_b375_fail,BTC/USD,1d,bitfinex,0.5,422.465,375,2014-04-10T00:00:00+00:00,failure_candidate,wick_above,above,Accepted beyond level then reversed back across it,5,2,2,1.491,2014-02-10T00:00:00+00:00,2014-02-23T00:00:00+00:00,up,316,329,charts/BTC-USD_1d_L0p5_s316_e329_b375_fail.png,,,
BTC-USD_1d_L0p5_s316_e381_b546_react,BTC/USD,1d,bitfinex,0.5,373.5,546,2014-09-28T00:00:00+00:00,reaction_candidate,wick_below,above,Reacted at level without a clear breakout or rejection,5,1,3,0.5839,2014-02-10T00:00:00+00:00,2014-04-16T00:00:00+00:00,up,316,381,charts/BTC-USD_1d_L0p5_s316_e381_b546_react.png,,,
BTC-USD_1d_L0p5_s316_e566_b647_rej,BTC/USD,1d,bitfinex,0.5,298.0,647,2015-01-07T00:00:00+00:00,rejection_candidate,wick_above,below,Touched level and rejected back to the approach side,5,0,5,0.0,2014-02-10T00:00:00+00:00,2014-10-18T00:00:00+00:00,up,316,566,charts/BTC-USD_1d_L0p5_s316_e566_b647_rej.png,,,
BTC-USD_1d_L0p5_s316_e702_b807_fail,BTC/USD,1d,bitfinex,0.5,247.0,807,2015-06-16T00:00:00+00:00,failure_candidate,wick_below,below,Accepted beyond level then reversed back across it,5,3,3,0.8932,2014-02-10T00:00:00+00:00,2015-03-03T00:00:00+00:00,up,316,702,charts/BTC-USD_1d_L0p5_s316_e702_b807_fail.png,,,
BTC-USD_1d_L0p5_s316_e706_b782_rej,BTC/USD,1d,bitfinex,0.5,240.38,782,2015-05-22T00:00:00+00:00,rejection_candidate,wick_below,below,Touched level and rejected back to the approach side,5,0,4,0.0866,2014-02-10T00:00:00+00:00,2015-03-07T00:00:00+00:00,up,316,706,charts/BTC-USD_1d_L0p5_s316_e706_b782_rej.png,,,
BTC-USD_1d_L0p5_s59_e70_b149_cont,BTC/USD,1d,bitfinex,0.5,115.29,149,2013-08-27T00:00:00+00:00,continuation_candidate,wick_below,below,Broke through level and continued,5,6,0,3.102,2013-05-29T00:00:00+00:00,2013-06-09T00:00:00+00:00,down,59,70,charts/BTC-USD_1d_L0p5_s59_e70_b149_cont.png,,,
BTC-USD_1d_L0p618_s316_e337_b604_react,BTC/USD,1d,bitfinex,0.618,398.3535,604,2014-11-25T00:00:00+00:00,reaction_candidate,close_below,below,Reacted at level without a clear breakout or rejection,5,0,6,0.0,2014-02-10T00:00:00+00:00,2014-03-03T00:00:00+00:00,up,316,337,charts/BTC-USD_1d_L0p618_s316_e337_b604_react.png,,,
BTC-USD_1d_L0p618_s316_e381_b552_fail,BTC/USD,1d,bitfinex,0.618,332.554,552,2014-10-04T00:00:00+00:00,failure_candidate,wick_above,above,Accepted beyond level then reversed back across it,5,3,3,0.524,2014-02-10T00:00:00+00:00,2014-04-16T00:00:00+00:00,up,316,381,charts/BTC-USD_1d_L0p618_s316_e381_b552_fail.png,,,
BTC-USD_1d_L0p618_s316_e385_b942_cont,BTC/USD,1d,bitfinex,0.618,321.47409,942,2015-10-29T00:00:00+00:00,continuation_candidate,close_below,below,Broke through level and continued,5,4,2,9.1327,2014-02-10T00:00:00+00:00,2014-04-20T00:00:00+00:00,up,316,385,charts/BTC-USD_1d_L0p618_s316_e385_b942_cont.png,,,
BTC-USD_1d_L0p618_s316_e396_b955_rej,BTC/USD,1d,bitfinex,0.618,300.66846,955,2015-11-11T00:00:00+00:00,rejection_candidate,close_above,above,Touched level and rejected back to the approach side,5,0,6,0.0,2014-02-10T00:00:00+00:00,2014-05-01T00:00:00+00:00,up,316,396,charts/BTC-USD_1d_L0p618_s316_e396_b955_rej.png,,,
BTC-USD_1d_L0p618_s316_e429_b591_react,BTC/USD,1d,bitfinex,0.618,385.27,591,2014-11-12T00:00:00+00:00,reaction_candidate,wick_below,below,Reacted at level without a clear breakout or rejection,5,4,1,2.3268,2014-02-10T00:00:00+00:00,2014-06-03T00:00:00+00:00,up,316,429,charts/BTC-USD_1d_L0p618_s316_e429_b591_react.png,,,
BTC-USD_1d_L0p618_s316_e666_b698_cont,BTC/USD,1d,bitfinex,0.618,243.93,698,2015-02-27T00:00:00+00:00,continuation_candidate,wick_below,below,Broke through level and continued,5,6,0,2.7066,2014-02-10T00:00:00+00:00,2015-01-26T00:00:00+00:00,up,316,666,charts/BTC-USD_1d_L0p618_s316_e666_b698_cont.png,,,
BTC-USD_1d_L0p618_s316_e698_b905_rej,BTC/USD,1d,bitfinex,0.618,223.9896,905,2015-09-22T00:00:00+00:00,rejection_candidate,close_above,above,Touched level and rejected back to the approach side,5,0,6,0.0,2014-02-10T00:00:00+00:00,2015-02-27T00:00:00+00:00,up,316,698,charts/BTC-USD_1d_L0p618_s316_e698_b905_rej.png,,,
BTC-USD_1d_L0p618_s337_e356_b427_fail,BTC/USD,1d,bitfinex,0.618,654.63088,427,2014-06-01T00:00:00+00:00,failure_candidate,wick_above,below,Accepted beyond level then reversed back across it,5,3,3,0.6729,2014-03-03T00:00:00+00:00,2014-03-22T00:00:00+00:00,down,337,356,charts/BTC-USD_1d_L0p618_s337_e356_b427_fail.png,,,
BTC-USD_1d_L0p786_s205_e245_b376_rej,BTC/USD,1d,bitfinex,0.786,335.91,376,2014-04-11T00:00:00+00:00,rejection_candidate,close_above,above,Touched level and rejected back to the approach side,5,0,6,0.0,2013-10-22T00:00:00+00:00,2013-12-01T00:00:00+00:00,up,205,245,charts/BTC-USD_1d_L0p786_s205_e245_b376_rej.png,,,
BTC-USD_1d_L0p786_s251_e257_b261_react,BTC/USD,1d,bitfinex,0.786,620.54194,261,2013-12-17T00:00:00+00:00,reaction_candidate,close_above,above,Reacted at level without a clear breakout or rejection,5,2,2,0.7533,2013-12-07T00:00:00+00:00,2013-12-13T00:00:00+00:00,up,251,257,charts/BTC-USD_1d_L0p786_s251_e257_b261_react.png,,,
BTC-USD_1d_L0p786_s262_e301_b501_react,BTC/USD,1d,bitfinex,0.786,478.927465,501,2014-08-14T00:00:00+00:00,reaction_candidate,wick_below,above,Reacted at level without a clear breakout or rejection,5,1,5,0.5167,2013-12-18T00:00:00+00:00,2014-01-26T00:00:00+00:00,up,262,301,charts/BTC-USD_1d_L0p786_s262_e301_b501_react.png,,,
BTC-USD_1d_L0p786_s316_e343_b553_rej,BTC/USD,1d,bitfinex,0.786,297.369786,553,2014-10-05T00:00:00+00:00,rejection_candidate,wick_below,above,Touched level and rejected back to the approach side,5,0,6,0.0,2014-02-10T00:00:00+00:00,2014-03-09T00:00:00+00:00,up,316,343,charts/BTC-USD_1d_L0p786_s316_e343_b553_rej.png,,,
BTC-USD_1d_L0p786_s316_e514_b826_cont,BTC/USD,1d,bitfinex,0.786,269.0792,826,2015-07-05T00:00:00+00:00,continuation_candidate,wick_below,below,Broke through level and continued,5,3,1,1.9992,2014-02-10T00:00:00+00:00,2014-08-27T00:00:00+00:00,up,316,514,charts/BTC-USD_1d_L0p786_s316_e514_b826_cont.png,,,
BTC-USD_1d_L0p786_s316_e514_b930_cont,BTC/USD,1d,bitfinex,0.786,269.0792,930,2015-10-17T00:00:00+00:00,continuation_candidate,wick_below,below,Broke through level and continued,5,3,3,1.0245,2014-02-10T00:00:00+00:00,2014-08-27T00:00:00+00:00,up,316,514,charts/BTC-USD_1d_L0p786_s316_e514_b930_cont.png,,,
BTC-USD_1d_L0p786_s316_e562_b807_fail,BTC/USD,1d,bitfinex,0.786,245.88588,807,2015-06-16T00:00:00+00:00,failure_candidate,wick_below,below,Accepted beyond level then reversed back across it,5,3,2,1.0857,2014-02-10T00:00:00+00:00,2014-10-14T00:00:00+00:00,up,316,562,charts/BTC-USD_1d_L0p786_s316_e562_b807_fail.png,,,
BTC-USD_1d_L0p786_s316_e855_b876_fail,BTC/USD,1d,bitfinex,0.786,218.6287,876,2015-08-24T00:00:00+00:00,failure_candidate,wick_above,above,Accepted beyond level then reversed back across it,5,1,5,0.514,2014-02-10T00:00:00+00:00,2015-08-03T00:00:00+00:00,up,316,855,charts/BTC-USD_1d_L0p786_s316_e855_b876_fail.png,,,
